Cluster,Renewable fraction index,PV [kW],Wind [kW],Diesel [kW],BESS [kWh],Inverter [kW],Investment Cost [kEUR],OM Cost [kEUR],Replace Cost [kEUR],Total Cost [kEUR],Energy Demand [MWh],Energy Produced [MWh],LCOE [EUR/kWh],CO2 [kg],Unavailability [MWh/y]
141,0,22.0,0.0,0.0,73.0,34.0142,63.9633,7.0877,21.5259,83.8163,374.8203,358.5343,0.2338,0.0,1.2456
174,0,64.0,0.0,32.0,111.0,87.4152,163.1457,169.6553,65.5804,373.8079,1957.395,1864.3329,0.2005,678094.6453,6.3858
179,0,20.0,0.0,0.0,68.0,31.2007,59.6323,6.6078,20.0684,78.141,349.4407,334.2574,0.2338,0.0,1.1602
184,0,44.0,0.0,32.0,47.0,52.999,106.5115,137.0585,40.5595,267.4998,1388.2234,1321.1583,0.2025,561393.3506,4.5138
194,0,17.0,0.0,0.0,58.0,26.6006,51.1134,5.6638,17.2015,66.978,299.5206,286.5483,0.2337,0.0,0.9942
213,0,44.0,0.0,32.0,56.0,57.17,110.4275,145.4236,45.2553,284.4111,1485.123,1414.2455,0.2011,594968.684,4.8069
215,0,163.0,0.0,112.0,196.0,205.9038,397.8309,548.9306,160.2889,1045.4774,5570.6149,5301.8643,0.1972,2259433.7241,18.0963
217,0,31.0,0.0,16.0,53.0,42.7913,79.8116,82.6625,32.6157,183.0711,948.4819,903.8585,0.2025,329476.8225,3.0895
218,0,39.0,0.0,16.0,79.0,54.1643,102.3503,88.3762,40.9363,216.5457,1124.0456,1071.8419,0.202,344929.1577,3.6801
221,0,39.0,0.0,32.0,42.0,51.1622,98.061,136.8679,38.9689,258.8921,1347.8428,1283.7189,0.2017,564424.2483,4.3416
223,0,104.0,0.0,64.0,154.0,137.7282,262.7529,323.8158,108.0035,654.6999,3445.3303,3279.0719,0.1997,1316034.0766,11.1981
225,0,67.0,0.0,32.0,123.0,93.6743,173.1825,172.6705,69.3511,389.3187,2034.2442,1938.3146,0.2009,686861.3893,6.6332
227,0,4925.0,200.0,1408.0,3655.0,5602.2305,10069.2671,9244.5313,2775.9329,20148.7589,117129.6848,111461.0768,0.1808,37362267.1777,385.0371
228,0,28.0,0.0,16.0,47.0,38.6915,72.9548,79.5703,30.3365,171.9312,886.0818,844.5881,0.2036,318421.2081,2.8781
231,0,20.0,0.0,0.0,68.0,31.0734,59.7403,6.6233,20.1262,78.3098,350.284,335.0479,0.2337,0.0,1.1635
234,0,50.0,0.0,32.0,79.0,68.8104,130.777,154.3271,53.8779,319.4097,1662.582,1583.2863,0.2017,624208.0687,5.3839
236,0,57.0,0.0,32.0,93.0,77.2534,146.0695,168.2594,60.4687,352.7883,1864.0473,1775.2956,0.1987,678798.7076,6.0655
238,0,19.0,0.0,16.0,15.0,24.5423,46.3178,64.7156,18.053,121.6639,611.5213,582.8664,0.2087,266324.3911,1.9697
240,0,402.0,0.0,144.0,240.0,445.4569,771.5528,895.7537,233.1965,1754.0924,10292.0567,9788.1317,0.1792,3673427.6663,34.385
243,0,19.0,0.0,0.0,66.0,29.672,57.5143,6.3791,19.3928,75.4163,336.9607,322.3076,0.234,0.0,1.1187
245,0,9.0,0.0,0.0,31.0,14.1842,27.716,3.0725,9.3367,36.331,162.2403,155.1939,0.2341,0.0,0.5381
246,0,48.0,0.0,32.0,53.0,58.6469,114.5837,145.9274,43.9519,286.3807,1513.6251,1440.5371,0.1988,596917.8924,4.9323
250,0,368.0,0.0,128.0,232.0,411.5503,710.2573,802.4314,214.9524,1593.1178,9323.5081,8867.297,0.1797,3282721.0042,31.1494
251,0,135.0,0.0,96.0,158.0,170.2175,329.6253,464.3524,133.9771,877.0817,4646.1584,4422.8404,0.1983,1914361.2267,15.0773
252,0,23.0,0.0,16.0,32.0,28.9352,58.1718,67.8469,23.453,140.7394,717.569,683.2825,0.206,274226.6819,2.3307
254,0,18.0,0.0,0.0,61.0,27.9561,53.2274,5.9006,17.9308,69.7723,311.576,298.0437,0.2341,0.0,1.035
257,0,50.0,0.0,32.0,71.0,65.2045,125.8089,156.3259,51.0419,314.0696,1653.1403,1574.6559,0.1995,636881.2659,5.3719
259,0,5.0,0.0,0.0,16.0,7.7153,14.5166,1.6093,4.8902,19.0288,84.9753,81.2846,0.2341,0.0,0.2825
261,0,37.0,0.0,32.0,27.0,42.6768,86.7374,133.5876,33.7552,240.4448,1248.8459,1188.4745,0.2023,554688.1995,4.0437
262,0,16.0,0.0,0.0,53.0,24.7493,46.7756,5.1854,15.7574,61.315,273.8092,261.9172,0.2341,0.0,0.9099
266,0,16.0,0.0,0.0,54.0,24.4414,46.6801,5.1922,15.7993,61.3058,273.8092,261.9356,0.234,0.0,0.911
268,0,22.0,0.0,16.0,15.0,28.1143,49.7581,68.0367,19.038,128.5294,696.5378,663.4815,0.1937,279154.6322,2.2567
269,0,19.0,0.0,16.0,19.0,25.7285,47.8132,66.1975,19.6795,126.2867,636.4813,606.6896,0.2082,271672.8148,2.0446
272,0,10.0,0.0,0.0,36.0,15.7482,31.7872,3.5356,10.7587,41.7466,186.4524,178.4126,0.234,0.0,0.6185
273,0,25.0,0.0,16.0,39.0,34.0607,65.5946,77.0551,27.5913,160.3645,824.525,786.0701,0.204,310654.254,2.6718
274,0,18.0,0.0,16.0,15.0,23.1076,44.9497,63.5973,18.099,119.5971,599.8845,571.6697,0.2092,261655.0623,1.929
275,0,32.0,0.0,16.0,60.0,45.3381,84.4474,84.1813,34.4343,190.526,986.7653,940.5239,0.2026,334069.3183,3.2109
281,0,40.0,0.0,16.0,84.0,56.1144,105.9252,87.4,42.7049,220.5476,1133.0037,1080.0816,0.2042,338032.6729,3.7087
284,0,73.0,0.0,48.0,97.0,93.8005,180.6129,238.1952,73.9729,465.1908,2455.6846,2337.5333,0.199,975578.7545,7.9805
285,0,34.0,0.0,16.0,63.0,47.9721,88.6855,84.5768,35.7407,195.7457,1011.1049,963.4135,0.2032,333896.09,3.296
286,0,87.0,0.0,48.0,145.0,118.3988,223.2886,252.4719,91.2445,533.4509,2798.4719,2664.8191,0.2002,1017618.7369,9.108
287,0,30.0,0.0,16.0,53.0,41.9188,78.8188,83.1448,32.7962,182.9868,943.2296,899.0389,0.2035,331503.4639,3.0671
288,0,31.0,0.0,16.0,55.0,43.3441,80.6754,83.3574,33.4015,185.3616,954.1974,909.5642,0.2038,331588.2688,3.1053
289,0,21.0,0.0,16.0,25.0,26.8189,52.632,63.9178,20.7214,129.3128,658.0671,626.7984,0.2063,260065.1725,2.1287
290,0,21.0,0.0,16.0,28.0,27.4305,54.7586,65.3634,21.8369,133.693,680.0027,647.5478,0.2065,265214.8007,2.1967
291,0,54.0,0.0,32.0,85.0,72.9629,137.721,163.6792,57.5208,338.2572,1765.8135,1681.6727,0.2011,662090.8284,5.7382
292,0,31.0,0.0,16.0,55.0,43.3441,80.6754,83.3574,33.4015,185.3616,954.1974,909.5642,0.2038,331588.2688,3.1053
293,0,18.0,0.0,0.0,62.0,27.5632,54.2972,6.0345,18.3658,71.2757,318.0658,304.2707,0.2343,0.0,1.058
295,0,371.0,0.0,128.0,249.0,417.2512,721.3328,808.3084,222.0058,1616.1106,9381.3857,8922.4815,0.1811,3301904.5666,31.3353
307,0,12.0,0.0,16.0,21.0,17.523,38.9337,35.2128,16.1624,85.4379,390.0776,371.8427,0.2298,139821.8223,1.2264
310,0,18.0,0.0,16.0,20.0,22.831,45.7106,62.7666,19.1995,120.9035,615.1026,586.7618,0.2061,257461.2791,1.9792
311,0,22.0,0.0,0.0,75.0,33.4569,65.5641,7.2834,22.2285,86.105,389.2343,372.0275,0.2314,0.0,1.2957
315,0,30.0,0.0,16.0,52.0,41.3639,78.3007,81.8866,32.157,180.5451,941.8759,897.5945,0.2011,326792.2772,3.0655
317,0,420.0,0.0,144.0,285.0,470.425,817.2157,891.112,247.1836,1802.0595,10602.8782,10085.0678,0.1787,3634058.5581,35.4316
318,0,39.0,0.0,32.0,44.0,49.4569,97.8232,136.5465,39.6084,259.2686,1357.0602,1293.4409,0.2004,562762.8023,4.3798
319,0,90.0,0.0,64.0,98.0,111.1852,217.0062,304.6264,87.1357,574.8408,3097.4759,2949.8782,0.1949,1255404.5358,10.0642
325,0,102.0,0.0,64.0,116.0,125.5707,240.9538,317.3134,94.0588,614.1339,3326.0259,3165.5999,0.194,1301932.5078,10.855
330,0,32.0,0.0,16.0,49.0,42.1076,79.6602,83.0507,31.3102,181.565,996.491,949.2431,0.1913,331842.9467,3.2595
333,0,36.0,0.0,32.0,23.0,40.7675,84.3158,132.7258,32.1827,235.7946,1230.822,1171.1567,0.2013,552551.3378,3.9848
336,0,713.0,0.0,240.0,538.0,814.9917,1410.276,1524.2681,437.9914,3110.8488,18343.0129,17448.1842,0.1783,6207859.8896,61.227
339,0,17.0,0.0,0.0,59.0,26.0464,51.8217,5.7572,17.5626,68.0514,307.5513,293.9545,0.2315,0.0,1.023
340,0,809.0,0.0,272.0,593.0,919.2338,1590.6204,1727.1119,489.9606,3511.3866,20716.9911,19705.3956,0.1782,7039396.0088,69.1848
343,0,20.0,0.0,16.0,21.0,26.1647,49.7936,68.7102,20.9543,131.7915,673.9214,642.2465,0.2052,281572.6636,2.1731
344,0,44.0,0.0,32.0,54.0,55.8074,110.1897,146.7475,44.5151,284.5814,1501.2299,1428.9256,0.1992,601951.8422,4.8661
345,0,12.0,0.0,0.0,42.0,18.4981,37.224,4.1355,12.6153,48.8819,220.9168,211.1501,0.2315,0.0,0.7344
346,0,84.0,0.0,64.0,100.0,106.5583,209.4002,288.4816,84.3936,550.4279,2907.846,2768.6165,0.1988,1187691.2485,9.41
362,0,13.0,0.0,0.0,46.0,20.0131,40.1918,4.4624,13.6042,52.7539,238.8132,228.2519,0.2311,0.0,0.794
363,0,44.0,0.0,16.0,80.0,59.2253,110.4085,88.1467,41.6704,223.1272,1204.0357,1147.1406,0.1945,341065.0784,3.9617
368,0,32.0,0.0,16.0,57.0,44.3457,82.4442,82.8267,33.8413,186.7561,972.5539,926.737,0.2015,328846.4462,3.1696
369,0,11.0,0.0,0.0,38.0,16.8331,33.4145,3.7122,11.3243,43.8794,198.3083,189.5411,0.2315,0.0,0.6597
371,0,16.0,0.0,16.0,18.0,20.5613,42.4598,56.3768,17.6502,110.4005,555.2632,528.8236,0.2088,230814.6887,1.7772
374,0,13.0,0.0,0.0,46.0,20.0236,39.987,4.4434,13.6036,52.5663,237.9699,227.4547,0.2311,0.0,0.7911
400,0,37.0,0.0,16.0,74.0,51.8168,96.9282,84.3807,39.1821,206.1892,1071.7081,1021.6073,0.2018,329372.6039,3.5024
402,0,15.0,0.0,16.0,23.0,20.5916,44.1814,47.9967,17.4509,103.6244,515.6016,491.0401,0.211,193926.6395,1.6404
404,0,29.0,0.0,16.0,52.0,40.6687,77.0964,81.2053,32.1728,179.0025,932.049,888.0802,0.2016,323886.8146,3.0272
405,0,13.0,0.0,16.0,21.0,18.3294,40.0445,40.5923,16.1086,91.5284,436.2782,415.5889,0.2202,162342.9278,1.3783
408,0,15.0,0.0,16.0,23.0,20.487,43.5754,45.7399,17.1184,100.5734,495.7707,472.1767,0.213,184087.3515,1.5777
409,0,31.0,0.0,16.0,57.0,43.6091,81.9972,83.0485,33.9503,186.7692,973.3972,927.4692,0.2014,329916.7394,3.1664
410,0,13.0,0.0,0.0,46.0,20.0236,39.987,4.4434,13.6036,52.5663,237.9699,227.4547,0.2311,0.0,0.7911
411,0,59.0,0.0,48.0,65.0,72.8664,147.1774,210.6738,58.8745,394.3582,2083.0803,1982.8433,0.1989,870522.9185,6.7354
415,0,292.0,0.0,96.0,266.0,344.257,597.7918,600.117,191.9991,1281.8598,7608.3625,7238.8035,0.1771,2422065.6471,25.3482
419,0,22.0,0.0,0.0,72.0,32.891,63.374,7.0009,21.4496,83.0723,377.629,360.942,0.2302,0.0,1.2592
420,0,15.0,0.0,0.0,49.0,22.4399,43.2954,4.7848,14.6659,56.7705,257.8008,246.4113,0.2304,0.0,0.8596
421,0,44.0,0.0,16.0,97.0,62.6513,118.1423,88.3163,46.7014,235.8519,1231.198,1173.8629,0.2009,337872.3325,4.0334
422,0,16.0,0.0,0.0,53.0,24.0468,46.8181,5.1684,15.8238,61.3375,279.3182,266.9709,0.2298,0.0,0.9309
425,0,100.0,0.0,32.0,96.0,118.805,206.7828,195.8466,66.3271,431.7651,2577.1841,2452.4761,0.1761,785177.6274,8.586
427,0,14.0,0.0,16.0,23.0,20.1695,43.1964,43.2915,16.6879,97.3809,475.9399,453.2772,0.2148,173360.7589,1.5065
431,0,15.0,0.0,0.0,49.0,22.4572,43.3915,4.7925,14.6808,56.8705,258.6441,247.2294,0.23,0.0,0.8623
432,0,22.0,0.0,0.0,72.0,32.8737,63.2779,6.9931,21.4348,82.9723,376.7857,360.1395,0.2304,0.0,1.2564
435,0,29.0,0.0,16.0,48.0,39.9031,74.8848,79.9234,30.7867,174.3042,913.0614,870.0824,0.2003,319885.2841,2.9694
436,0,31.0,0.0,16.0,57.0,43.463,82.1134,82.4516,33.6929,186.0306,973.3972,927.5743,0.2006,327505.5445,3.1672
437,0,17.0,0.0,16.0,20.0,21.9125,45.7512,56.8796,18.0726,113.9271,575.094,547.3883,0.2081,231750.8926,1.8448
438,0,26.0,0.0,16.0,42.0,35.2655,67.9813,76.801,28.0505,162.711,852.7256,812.7098,0.2002,309399.659,2.7672
439,0,20.0,0.0,16.0,22.0,27.532,51.1299,67.7632,21.0269,132.0114,674.2482,642.6015,0.2054,276972.7771,2.1677
443,0,56.0,0.0,32.0,90.0,76.5419,142.7632,158.3844,57.464,337.0809,1784.7746,1699.3036,0.1984,638165.3537,5.8014
444,0,15.0,0.0,16.0,22.0,20.4424,42.7653,46.2713,17.004,100.2777,495.7707,472.1299,0.2124,186799.6838,1.5779
445,0,24.0,0.0,16.0,35.0,31.6403,61.742,72.0415,25.6921,150.2393,778.4729,741.425,0.2026,290744.3726,2.5246
447,0,16.0,0.0,16.0,24.0,21.7137,45.3239,49.8303,17.6735,106.562,535.4324,509.8764,0.209,201500.1376,1.7088
448,0,18.0,0.0,16.0,17.0,23.379,45.1392,63.8621,18.6325,120.6999,613.9411,584.7939,0.2064,262610.2832,1.9729
452,0,15.0,0.0,16.0,23.0,20.9272,43.5947,45.6044,17.0273,100.3614,495.3956,471.8,0.2127,183403.3468,1.5749
453,0,64.0,0.0,32.0,123.0,91.4846,170.5521,170.8458,70.6518,386.8872,2024.2252,1928.2363,0.2006,678186.1637,6.5826
454,0,34.0,0.0,16.0,66.0,48.5599,90.284,84.2763,36.6658,197.8691,1032.0464,983.7648,0.2011,332187.3068,3.3613
455,0,30.0,0.0,16.0,53.0,42.0967,78.4913,82.9654,32.7974,182.5373,953.5664,908.5939,0.2009,331170.7632,3.0998
456,0,14.0,0.0,16.0,22.0,19.661,41.8914,43.8219,16.8096,96.9929,471.7541,449.4654,0.2158,176114.064,1.4951
457,0,27.0,0.0,16.0,47.0,37.5713,72.1322,79.835,30.319,171.5899,894.4736,852.7193,0.2012,320157.6057,2.901
458,0,29.0,0.0,16.0,51.0,40.5112,76.5236,81.9791,32.01,179.1186,935.5251,891.4834,0.2009,327695.028,3.0393
459,0,27.0,0.0,16.0,48.0,37.8315,72.4829,79.1731,30.4293,171.3846,892.3873,850.6614,0.2015,317119.561,2.8929
460,0,14.0,0.0,0.0,50.0,21.7554,43.2314,4.8102,14.7652,56.9125,257.8008,246.4128,0.231,0.0,0.8563
462,0,36.0,0.0,16.0,73.0,51.2293,96.0165,89.9107,39.7668,211.5265,1110.5264,1058.7725,0.1998,354699.706,3.6227
463,0,13.0,0.0,16.0,21.0,18.2526,40.8143,42.5195,16.5186,94.5121,456.1091,434.4802,0.2175,170660.4403,1.4413
465,0,20.0,0.0,0.0,67.0,30.418,58.3163,6.4852,19.8884,76.7309,347.9982,332.6211,0.2307,0.0,1.1584
468,0,17.0,0.0,16.0,20.0,21.9503,44.6616,57.3777,18.299,113.9006,575.094,547.796,0.2079,234295.1235,1.8446
469,0,33.0,0.0,16.0,66.0,46.178,87.768,83.2178,35.8607,194.0637,1012.2156,964.4796,0.2012,328439.6718,3.2991
470,0,36.0,0.0,32.0,41.0,44.5945,92.7839,130.9977,37.4212,247.4133,1289.0039,1228.4956,0.2014,540502.713,4.153
471,0,31.0,0.0,16.0,58.0,43.9658,82.9408,82.7587,34.3319,187.6867,976.6253,930.5678,0.2017,328112.861,3.1751
472,0,35.0,0.0,16.0,69.0,50.2919,92.833,85.0772,37.7791,201.9815,1052.7205,1003.2804,0.2013,334417.7214,3.4294
474,0,24.0,0.0,16.0,28.0,31.4359,58.6209,72.7058,23.8855,146.0015,749.343,714.187,0.2044,295296.378,2.4312
476,0,22.0,0.0,16.0,30.0,27.4319,56.4944,65.2248,22.3708,135.599,693.1422,660.1419,0.2054,263755.4857,2.2491
477,0,110.0,0.0,64.0,180.0,151.8893,283.6354,331.1844,117.3712,689.6386,3654.7335,3478.8532,0.1982,1338884.4119,11.8654
478,0,14.0,0.0,16.0,26.0,20.9599,44.523,40.9144,17.2796,96.9222,464.2565,442.4958,0.219,161651.4735,1.4667
479,0,44.0,0.0,32.0,56.0,56.7753,110.962,145.3941,45.219,284.6672,1498.6859,1426.9193,0.1995,594927.8067,4.8528
480,0,21.0,0.0,0.0,69.0,31.5681,60.8012,6.7085,20.6299,79.7307,362.2283,346.2353,0.2303,0.0,1.2072
481,0,73.0,0.0,48.0,91.0,93.1046,178.1408,229.7873,70.6215,450.9646,2451.3185,2332.7172,0.1933,940590.5443,7.97
482,0,36.0,0.0,16.0,75.0,50.9616,97.2476,85.492,39.5446,208.0042,1086.685,1036.2771,0.2007,334281.3666,3.5463
483,0,19.0,0.0,0.0,64.0,28.8556,56.6969,6.2528,19.2196,74.3226,338.0476,323.1187,0.23,0.0,1.1254
484,0,18.0,0.0,16.0,15.0,23.2285,45.2736,63.243,17.7984,119.167,603.5335,574.9813,0.2073,260054.7444,1.9401
485,0,14.0,0.0,16.0,20.0,18.9175,40.9622,46.3916,17.2473,99.0605,475.8629,453.2612,0.2186,186538.6839,1.511
486,0,28.0,0.0,16.0,48.0,39.2822,73.5606,76.933,30.3939,169.9164,882.9307,841.3399,0.202,306765.3265,2.8649
487,0,34.0,0.0,16.0,66.0,48.4227,90.1302,83.7655,36.4306,196.9733,1030.3466,981.9974,0.2006,330193.2534,3.3564
488,0,13.0,0.0,16.0,20.0,18.1752,39.4234,40.1514,15.967,90.4423,430.8722,410.4347,0.2204,160567.7477,1.3618
492,0,33.0,0.0,16.0,61.0,46.5341,86.0809,84.0659,34.9637,192.2996,1011.613,964.1109,0.1995,333595.497,3.2954
493,0,17.0,0.0,16.0,19.0,21.0893,44.541,55.907,17.8504,111.7938,562.8505,536.0531,0.2085,227768.538,1.8092
494,0,18.0,0.0,16.0,20.0,22.6325,47.0199,65.358,19.9448,125.2393,640.0393,610.0607,0.2053,267770.2655,2.0604
495,0,16.0,0.0,0.0,53.0,24.0771,47.1372,5.2,16.0066,61.8195,281.0036,268.5997,0.2302,0.0,0.9364
496,0,23.0,0.0,0.0,75.0,34.3428,66.1956,7.3025,22.4783,86.8141,394.618,377.199,0.2302,0.0,1.316
497,0,18.0,0.0,16.0,21.0,23.8541,47.7169,58.5342,18.6881,117.8393,599.4744,570.8475,0.2064,238528.5131,1.9243
498,0,61.0,0.0,32.0,110.0,85.6028,159.745,167.0265,65.2017,368.2527,1948.2917,1855.8034,0.1984,668019.9303,6.3361
501,0,37.0,0.0,32.0,38.0,45.4727,92.3506,134.5381,37.1036,250.0024,1313.0368,1250.956,0.1998,556642.4251,4.2368
502,0,18.0,0.0,0.0,60.0,27.1884,53.6141,5.9088,18.1706,70.2617,320.1573,306.018,0.2296,0.0,1.0664
503,0,39.0,0.0,32.0,47.0,50.4937,99.8979,139.2426,41.3589,265.5747,1393.6128,1327.8037,0.2,572999.7587,4.4925
504,0,16.0,0.0,16.0,26.0,21.6222,46.6129,53.3673,19.5231,113.1123,562.8505,536.2323,0.2109,215085.3565,1.7967
505,0,14.0,0.0,16.0,22.0,19.2964,41.7529,44.3492,16.7311,97.2778,476.7062,453.9798,0.2143,178638.396,1.5122
506,0,24.0,0.0,16.0,40.0,31.8223,64.2923,73.7156,26.9175,155.482,807.2303,768.8625,0.2022,296861.2506,2.6169
507,0,35.0,0.0,16.0,68.0,49.9597,92.8097,84.7577,37.4156,201.1333,1055.6563,1005.9845,0.1999,333247.9657,3.4407
509,0,13.0,0.0,0.0,43.0,19.6347,37.9793,4.1941,12.8982,49.827,226.2819,216.2911,0.2304,0.0,0.7538
510,0,11.0,0.0,0.0,37.0,16.823,33.328,3.6776,11.3008,43.6986,198.8399,190.0573,0.2299,0.0,0.6615
511,0,69.0,0.0,48.0,66.0,82.067,160.3023,212.4754,59.7609,406.9973,2165.1109,2060.26,0.1975,874148.9586,7.0565
512,0,43.0,0.0,32.0,55.0,56.319,108.4483,139.4325,44.0152,275.5631,1442.5469,1373.2475,0.2007,569778.6431,4.6631
515,0,34.0,0.0,16.0,64.0,47.6015,89.2473,84.4332,36.0407,196.418,1030.3466,981.9342,0.2,333649.038,3.3606
517,0,16.0,0.0,16.0,22.0,21.3338,43.9616,53.4635,18.435,109.7374,546.3447,520.1368,0.211,216814.7252,1.7453
518,0,41.0,0.0,32.0,41.0,48.8163,98.9916,132.9425,37.6658,254.2343,1330.0838,1265.6643,0.2009,546909.6683,4.3164
519,0,23.0,0.0,16.0,33.0,29.9511,59.2334,73.0958,25.0093,148.5358,773.8805,737.041,0.2015,296610.8875,2.5082
521,0,21.0,0.0,0.0,70.0,31.6574,61.7145,6.8107,20.9738,80.9642,368.5513,352.2804,0.2298,0.0,1.2279
522,0,12.0,0.0,16.0,20.0,17.1592,38.7481,39.7615,15.8741,89.4104,424.2785,404.1534,0.2212,159053.6429,1.3351
523,0,144.0,0.0,96.0,170.0,178.6659,346.2068,478.0965,139.4141,909.8203,4926.6742,4688.4078,0.1941,1967562.5116,16.0387
526,0,74.0,0.0,48.0,96.0,93.325,182.4953,228.6526,72.2354,455.2509,2417.4744,2300.6853,0.1979,933197.5656,7.8691
530,0,19.0,0.0,0.0,62.0,28.4123,54.5088,6.018,18.5405,71.534,325.2802,310.9228,0.2301,0.0,1.0846
531,0,184.0,0.0,128.0,221.0,231.2017,449.0339,631.466,182.3433,1193.6432,6406.8823,6096.1125,0.1958,2602901.5256,20.8111
535,0,40.0,0.0,32.0,45.0,49.4898,99.9128,141.0267,40.5329,266.3204,1405.0181,1337.4402,0.1991,581263.5141,4.5453
536,0,36.0,0.0,16.0,71.0,51.1579,94.9959,85.2706,38.54,204.7231,1067.79,1017.7915,0.2011,334238.3665,3.4836
537,0,33.0,0.0,16.0,64.0,46.9919,87.3103,83.8216,36.3184,194.5746,1012.6278,964.9509,0.2016,330515.4079,3.2964
538,0,36.0,0.0,32.0,40.0,44.7255,91.207,129.1333,36.6438,243.4746,1272.8355,1212.7596,0.2008,533127.0016,4.1002
540,0,15.0,0.0,0.0,51.0,22.7974,45.003,4.9673,15.3131,59.0622,268.7097,256.8499,0.2299,0.0,0.8945
543,0,36.0,0.0,16.0,73.0,51.4599,96.1328,88.4171,39.5395,209.9147,1105.2809,1053.7754,0.1992,348088.895,3.6044
544,0,18.0,0.0,16.0,17.0,23.3089,45.3201,55.2137,17.4977,111.0476,599.2186,571.0602,0.1945,224529.9107,1.9259
545,0,24.0,0.0,16.0,39.0,34.588,64.1906,73.1976,27.0249,154.8933,801.6858,763.9322,0.2028,294438.7994,2.5852
546,0,22.0,0.0,16.0,28.0,29.9941,55.5626,69.9477,23.3657,140.3995,719.5976,685.3395,0.2049,283973.0954,2.3223
547,0,19.0,0.0,16.0,18.0,25.7691,47.3031,63.3449,18.7943,122.074,618.2079,588.9078,0.2073,259572.588,1.9857
548,0,21.0,0.0,16.0,28.0,26.677,53.5302,63.9121,21.6792,131.1884,673.1719,641.1618,0.2046,259053.2311,2.1783
549,0,19.0,0.0,16.0,18.0,25.7691,47.3031,63.3449,18.7943,122.074,618.2079,588.9078,0.2073,259572.588,1.9857
553,0,29.0,0.0,16.0,53.0,40.943,78.0362,81.8578,32.5752,180.8955,945.659,901.1504,0.2007,326367.9801,3.07
555,0,39.0,0.0,32.0,39.0,47.3433,95.0702,135.786,37.8229,254.145,1330.9271,1267.1789,0.2006,560627.9104,4.3062
557,0,17.0,0.0,16.0,20.0,22.4001,44.7404,58.0122,18.3475,114.6368,580.7408,553.1953,0.2072,237284.5404,1.8607
558,0,38.0,0.0,16.0,79.0,54.5402,102.154,85.5464,41.2787,213.9441,1110.5264,1058.6484,0.2021,332027.6323,3.6248
561,0,68.0,0.0,48.0,90.0,87.7657,170.9064,226.6876,69.7359,441.4663,2341.7244,2228.7683,0.1981,929391.1803,7.5902
565,0,42.0,0.0,32.0,52.0,53.1417,106.2754,142.1487,43.8856,276.2132,1442.0325,1372.6801,0.2012,581803.7874,4.6673
577,0,14.0,0.0,0.0,49.0,21.6275,42.6578,4.7461,14.5741,56.1607,254.5671,243.3222,0.2308,0.0,0.8461
579,0,12.0,0.0,16.0,20.0,16.795,38.312,39.3909,15.8465,88.6698,417.8309,398.0086,0.2228,157467.7242,1.3161
580,0,30.0,0.0,16.0,53.0,41.8818,78.001,81.5068,32.5315,180.4606,940.1194,895.7633,0.2015,324817.0121,3.0572
581,0,19.0,0.0,0.0,65.0,29.1699,56.8771,6.3281,19.4321,74.8809,339.4228,324.4296,0.2308,0.0,1.1288
582,0,15.0,0.0,16.0,22.0,21.3377,43.5768,53.8069,18.3603,109.7164,546.3447,520.471,0.2108,218473.3382,1.7351
583,0,22.0,0.0,16.0,26.0,28.3304,55.3497,71.6679,22.991,141.4393,731.204,696.7404,0.203,292052.7698,2.368
584,0,28.0,0.0,16.0,49.0,39.3671,74.668,80.3794,31.1119,174.9949,916.9066,873.6868,0.2003,321691.0633,2.9747
586,0,28.0,0.0,16.0,49.0,39.3671,74.668,80.3794,31.1119,174.9949,916.9066,873.6868,0.2003,321691.0633,2.9747
588,0,17.0,0.0,0.0,57.0,25.7741,50.5215,5.5737,17.1912,66.2978,301.7667,288.4597,0.2298,0.0,1.0048
589,0,21.0,0.0,0.0,70.0,31.6913,61.5613,6.7916,20.9478,80.785,367.708,351.4796,0.2298,0.0,1.225
590,0,19.0,0.0,16.0,25.0,24.2349,50.2544,61.2113,20.1332,124.2171,638.1043,608.0171,0.2043,248908.7503,2.0568
591,0,14.0,0.0,16.0,23.0,19.8369,42.4817,43.5736,16.7508,97.1915,475.8629,453.2209,0.2144,174766.9134,1.5075
592,0,29.0,0.0,16.0,53.0,40.8065,77.4526,81.2271,32.3617,179.5948,940.9627,896.6218,0.2003,323966.4434,3.0555
593,0,494.0,0.0,160.0,435.0,575.3338,1000.0879,1033.9492,320.5454,2172.6378,12883.4633,12257.1594,0.1773,4185603.9268,42.9779
594,0,10.0,0.0,0.0,34.0,15.3566,30.8038,3.3903,10.4471,40.3647,183.854,175.7381,0.2297,0.0,0.6114
596,0,20.0,0.0,16.0,26.0,25.9543,51.7678,66.3919,21.5265,132.0691,685.6216,653.2012,0.2022,270917.6614,2.2119
599,0,14.0,0.0,16.0,23.0,19.7219,42.3074,42.566,16.6989,96.0275,466.7063,444.491,0.216,170005.0757,1.4789
600,0,23.0,0.0,0.0,75.0,34.5148,66.2121,7.2844,22.438,86.7368,395.4613,378.0008,0.2295,0.0,1.3181
601,0,35.0,0.0,32.0,26.0,42.0442,84.2453,127.2854,32.8657,231.2265,1196.5181,1138.4785,0.2031,527298.271,3.8571
602,0,19.0,0.0,16.0,17.0,23.2077,47.0567,66.0052,19.0916,124.7807,639.196,608.6215,0.205,271021.3604,2.0653
603,0,78.0,0.0,16.0,131.0,106.2088,181.806,109.302,63.5448,324.6416,1877.3435,1788.8876,0.1815,405913.4359,6.2307
604,0,35.0,0.0,16.0,68.0,49.4516,91.7723,84.6216,37.2512,200.0351,1046.5536,997.535,0.2005,332893.1448,3.4135
605,0,20.0,0.0,16.0,22.0,26.603,50.6828,68.2097,21.0998,132.2195,678.8456,647.685,0.2041,278984.8743,2.1869
607,0,15.0,0.0,16.0,23.0,20.4085,43.7482,47.3741,17.23,102.4212,510.6822,486.4332,0.2106,191277.8847,1.6255
608,0,20.0,0.0,16.0,22.0,26.9207,50.4972,67.8672,20.9046,131.4879,673.1719,641.8297,0.2049,277691.3364,2.1671
609,0,21.0,0.0,0.0,70.0,31.8031,62.1723,6.8675,21.1757,81.6316,371.4052,355.0128,0.2299,0.0,1.2368
610,0,14.0,0.0,0.0,46.0,21.0896,40.8006,4.5068,13.8966,53.5708,243.7347,232.9772,0.2299,0.0,0.8121
612,0,38.0,0.0,32.0,38.0,45.7993,93.5263,137.5099,38.2975,255.0664,1335.5808,1271.2716,0.2006,567743.7021,4.3187
613,0,36.0,0.0,16.0,74.0,51.4205,96.7575,85.1627,39.4443,207.1086,1081.4592,1031.0433,0.2009,332780.4286,3.5269
614,0,29.0,0.0,16.0,50.0,38.6371,74.7856,73.2299,29.6063,166.5218,883.5801,841.4018,0.1979,290776.9312,2.8799
615,0,22.0,0.0,0.0,73.0,33.1407,64.1152,7.0821,21.8375,84.1826,383.0116,366.107,0.2299,0.0,1.2762
616,0,81.0,0.0,48.0,134.0,112.2321,210.4712,240.1817,85.8745,505.0824,2700.645,2571.5126,0.1964,970314.7666,8.7613
618,0,20.0,0.0,0.0,66.0,30.1279,58.2866,6.4383,19.8522,76.5297,348.1924,332.8245,0.2299,0.0,1.1601
619,0,14.0,0.0,16.0,23.0,19.8081,42.2353,43.8044,16.7642,97.2074,475.8629,453.2852,0.2145,176000.165,1.5076
620,0,12.0,0.0,16.0,19.0,16.7914,37.5998,38.1046,15.5882,86.5585,406.2244,386.9866,0.2237,152047.8027,1.2796
622,0,20.0,0.0,0.0,66.0,30.1596,58.272,6.4253,19.8286,76.4597,348.1924,332.826,0.2297,0.0,1.16
623,0,17.0,0.0,16.0,17.0,21.8362,44.1785,62.7552,18.3929,118.6564,603.5335,575.3933,0.2062,257960.4013,1.9363
625,0,20.0,0.0,0.0,64.0,29.9388,56.9956,6.2788,19.359,74.7329,341.1094,326.0485,0.2292,0.0,1.1373
626,0,15.0,0.0,0.0,48.0,22.4453,42.6989,4.7053,14.5118,56.0,255.4104,244.1351,0.2294,0.0,0.8516
627,0,21.0,0.0,16.0,32.0,28.0287,56.2358,69.2986,23.9378,141.2711,732.0473,697.3598,0.2026,281089.4724,2.3618
628,0,120.0,0.0,48.0,96.0,140.0508,246.5735,259.5416,78.9355,540.6094,3142.782,2990.031,0.1808,1052094.287,10.4303
629,0,47.0,0.0,16.0,47.0,56.8733,98.9085,93.2792,33.4132,208.1124,1201.6519,1144.2389,0.1819,371862.8492,3.9923
631,0,26.0,0.0,16.0,18.0,31.2952,56.7341,55.4194,19.0511,121.4739,647.0433,616.2896,0.1971,221810.8663,2.1161
632,0,27.0,0.0,16.0,21.0,31.0798,59.1612,56.1932,19.8701,125.1787,670.152,638.4122,0.1961,223362.5912,2.2008
633,0,41.0,0.0,16.0,32.0,47.7262,84.3758,91.0893,28.1929,188.3331,1086.9518,1035.0343,0.182,368720.5255,3.6103
634,0,15.0,0.0,16.0,24.0,20.9269,44.8087,48.07,17.5034,104.3126,522.2886,497.3741,0.2097,193834.0624,1.6603
635,0,30.0,0.0,16.0,21.0,34.7354,63.7006,68.1508,21.5918,142.2667,791.2351,753.2329,0.1889,275004.2045,2.6062
636,0,13.0,0.0,16.0,21.0,18.0702,40.5518,41.978,16.285,93.5291,452.6501,431.066,0.217,168252.3755,1.431
637,0,14.0,0.0,16.0,25.0,21.5336,44.3431,41.1161,16.9577,96.5288,464.2565,442.2431,0.2183,162783.8249,1.4648
638,0,30.0,0.0,16.0,23.0,36.7118,65.9371,66.1721,21.7909,142.3711,785.6955,748.47,0.1902,265656.9582,2.5783
640,0,270.0,0.0,96.0,195.0,304.9345,533.3089,589.5857,165.5113,1189.532,7089.8429,6744.5987,0.1764,2404432.5281,23.6567
641,0,19.0,0.0,16.0,19.0,23.8102,48.1488,66.5092,20.0479,127.2807,650.5604,619.8314,0.2053,272439.2127,2.099
642,0,103.0,0.0,32.0,97.0,120.3482,211.6598,189.0245,65.7683,428.185,2501.2782,2379.9699,0.1799,752825.6764,8.3493
643,0,42.0,0.0,32.0,53.0,54.4539,106.8289,139.936,43.3938,274.0714,1440.0385,1371.3554,0.1999,572868.2385,4.6541
644,0,38.0,0.0,16.0,21.0,42.5721,74.3458,88.2051,24.4557,173.1171,993.6737,945.8532,0.183,360323.0485,3.3033
645,0,23.0,0.0,16.0,34.0,31.0258,60.5974,72.997,25.5407,150.0089,777.6297,740.7468,0.2025,295128.7049,2.5148
646,0,15.0,0.0,16.0,20.0,20.7836,43.1217,55.0724,17.9323,110.0431,551.562,525.3909,0.2094,224542.151,1.754
647,0,18.0,0.0,16.0,20.0,23.5259,46.8205,62.0796,19.3032,121.1692,615.1399,586.1916,0.2067,253761.3316,1.9761
648,0,18.0,0.0,16.0,22.0,23.2713,46.9984,57.8365,18.6838,116.6545,594.8332,566.5565,0.2059,235601.6245,1.912
649,0,61.0,0.0,16.0,89.0,79.2147,138.2299,101.1476,48.2401,264.3825,1530.7132,1458.0746,0.1813,388859.6385,5.0822
650,0,21.0,0.0,0.0,69.0,31.6287,60.8183,6.7024,20.6687,79.7643,364.0216,347.9496,0.2292,0.0,1.2129
651,0,484.0,0.0,160.0,420.0,564.2341,980.7035,1029.4713,314.8533,2146.5126,12733.732,12113.7687,0.1772,4173516.1134,42.4561
653,0,34.0,0.0,16.0,21.0,38.5978,68.7874,76.5959,22.6937,155.6262,878.1303,836.1847,0.1861,310869.0621,2.9073
654,0,26.0,0.0,0.0,72.0,36.0616,68.7753,7.3164,21.4816,87.481,448.0474,427.9486,0.2044,0.0,1.5053
656,0,64.0,0.0,16.0,98.0,85.0375,146.6645,102.4336,51.4333,276.0945,1594.4997,1519.1223,0.1817,390861.4787,5.288
657,0,24.0,0.0,0.0,64.0,36.29,63.2937,6.5748,19.0204,79.3889,415.9564,397.1053,0.1999,0.0,1.3854
658,0,45.0,0.0,16.0,45.0,53.9354,95.6446,92.7525,32.3227,203.8408,1179.3865,1122.9202,0.1815,371171.6636,3.9174
661,0,14.0,0.0,16.0,23.0,19.6408,42.7527,44.9422,16.9538,98.9627,487.4693,464.3311,0.2131,180794.9238,1.545
662,0,17.0,0.0,0.0,57.0,25.8486,50.4748,5.5742,17.205,66.2854,301.7667,288.4491,0.2298,0.0,1.0045
663,0,22.0,0.0,0.0,74.0,33.4619,65.3766,7.2171,22.2669,85.829,391.1301,373.865,0.2296,0.0,1.302
666,0,59.0,0.0,16.0,87.0,77.1951,134.8557,100.5476,47.5553,260.377,1502.9082,1431.6264,0.1819,387393.6237,4.9839
668,0,14.0,0.0,16.0,22.0,19.4148,41.1209,43.0948,16.5759,95.393,465.0998,442.9361,0.2154,173212.0578,1.475
669,0,26.0,0.0,16.0,44.0,36.1787,68.8462,76.9717,29.0911,164.7055,858.8745,818.3551,0.2013,308924.0445,2.7825
670,0,13.0,0.0,16.0,21.0,18.4038,40.2863,40.4873,16.1599,91.7231,440.1077,419.2291,0.2188,161660.8504,1.3902
672,0,36.0,0.0,16.0,27.0,41.9796,75.1236,77.2604,24.1708,163.0456,924.3476,879.857,0.1853,311331.9676,3.0594
673,0,39.0,0.0,16.0,28.0,45.119,79.4375,83.1251,25.4684,173.574,994.517,946.4631,0.1834,335908.3786,3.3006
675,0,21.0,0.0,0.0,70.0,31.8677,62.1303,6.8643,21.181,81.6024,371.4052,355.0138,0.2299,0.0,1.2366
676,0,27.0,0.0,16.0,45.0,37.2901,70.694,78.6984,29.8158,168.7122,882.9307,841.1663,0.2006,315802.031,2.865
677,0,15.0,0.0,16.0,24.0,20.8789,44.161,47.1464,17.3459,102.7092,510.6822,486.5599,0.2111,189893.5833,1.6236
678,0,14.0,0.0,16.0,23.0,19.6392,42.6772,44.9503,16.9887,98.9511,487.4693,464.3377,0.2131,180908.8542,1.545
679,0,42.0,0.0,16.0,36.0,49.0709,86.5986,91.9265,29.5084,192.5118,1109.2172,1055.9411,0.1823,371013.2103,3.6855
680,0,15.0,0.0,16.0,28.0,22.8036,46.2891,39.6233,17.7267,97.546,464.2565,442.5641,0.2204,155107.6955,1.4694
681,0,54.0,0.0,16.0,69.0,67.9343,119.8625,98.8711,41.412,239.5896,1386.5215,1320.3818,0.1815,387136.7225,4.6054
682,0,27.0,0.0,16.0,28.0,33.0482,63.2095,57.3864,21.9399,132.1428,716.3694,682.4347,0.1936,227394.7227,2.3432
685,0,63.0,0.0,16.0,100.0,85.0037,146.3023,101.9473,52.0346,276.1012,1594.4997,1519.0341,0.1818,388333.1409,5.2799
686,0,73.0,0.0,32.0,45.0,84.3886,146.2424,169.727,46.0689,335.1129,1946.6696,1853.1492,0.1808,694877.397,6.4496
688,0,21.0,0.0,0.0,68.0,31.6202,60.1839,6.6303,20.4788,78.9548,359.7988,343.9211,0.2296,0.0,1.1989
689,0,7007.0,0.0,1952.0,4881.0,7904.9515,13374.2643,12815.5082,3775.6334,27404.2872,165767.7648,157704.2817,0.1738,51813216.5975,556.1282
690,0,313.0,0.0,112.0,243.0,356.8744,626.1113,681.0526,197.1788,1389.5991,8227.5373,7826.3443,0.1776,2772615.2957,27.4288
691,0,29.0,0.0,16.0,19.0,32.9297,61.9123,61.272,20.0594,132.3159,721.909,686.8538,0.1926,245153.1425,2.3784
693,0,19.0,0.0,16.0,21.0,24.8194,48.7482,68.8203,20.8651,130.9791,673.1719,641.3701,0.2042,282238.4801,2.1669
695,0,33.0,0.0,0.0,89.0,50.0416,87.8704,9.0987,26.3261,110.0498,577.7173,551.5282,0.1995,0.0,1.9236
698,0,19.0,0.0,16.0,17.0,22.8625,46.8153,66.0077,19.2889,124.8248,638.3527,607.7945,0.2054,270871.9348,2.0643
699,0,15.0,0.0,16.0,17.0,20.5165,40.5794,53.2012,17.0803,105.1028,522.2886,497.3914,0.2113,217926.1157,1.662
701,0,13.0,0.0,16.0,21.0,18.3432,40.5151,41.9833,16.3416,93.5623,452.6501,431.0984,0.217,168384.8513,1.43
703,0,191.0,0.0,64.0,177.0,226.0724,393.1679,405.4543,129.6613,857.6553,5099.2478,4851.8112,0.1768,1637668.2341,16.9765
707,0,14.0,0.0,0.0,46.0,21.2239,40.8464,4.5075,13.9118,53.6215,244.578,233.781,0.2294,0.0,0.8144
708,0,21.0,0.0,0.0,68.0,31.6374,60.1561,6.6425,20.5143,79.0087,359.7988,343.9207,0.2297,0.0,1.1988
709,0,12.0,0.0,16.0,20.0,16.9996,38.7488,40.4346,15.958,90.1599,430.2806,409.7888,0.22,162059.1066,1.3546
710,0,14.0,0.0,0.0,46.0,21.2239,40.8464,4.5075,13.9118,53.6215,244.578,233.781,0.2294,0.0,0.8144
711,0,8.0,0.0,0.0,27.0,12.1834,23.6579,2.6123,8.0678,31.0722,141.5002,135.2557,0.2297,0.0,0.471
712,0,14.0,0.0,16.0,23.0,19.8427,42.0314,43.9167,16.7792,97.1872,475.8629,453.2781,0.2144,176489.4507,1.5075
715,0,63.0,0.0,48.0,70.0,76.4294,154.5268,209.2108,60.7715,400.8443,2114.897,2012.1722,0.1992,860259.4677,6.862
721,0,51.0,0.0,32.0,82.0,69.7654,132.5488,154.2552,55.142,322.1989,1696.2229,1614.9279,0.1995,622828.2358,5.4982
722,0,26.0,0.0,16.0,45.0,36.8772,69.4971,76.3491,29.3178,164.9085,858.8745,818.3784,0.2015,305839.7459,2.779
725,0,23.0,0.0,0.0,75.0,34.7014,65.9694,7.281,22.4958,86.634,394.618,377.2043,0.2297,0.0,1.3146
727,0,372.0,0.0,128.0,284.0,422.7982,738.3135,807.4238,232.1351,1641.5425,9729.6022,9254.604,0.1774,3287575.3777,32.4742
729,0,19.0,0.0,16.0,15.0,24.3572,45.8169,65.7844,18.4127,122.7796,626.7463,597.123,0.2056,270970.9647,2.0196
731,0,51.0,0.0,16.0,60.0,62.5616,111.2143,97.4826,38.1777,227.5641,1317.1954,1254.2689,0.1814,384754.3589,4.379
733,0,16.0,0.0,16.0,20.0,22.3064,44.0215,40.0873,17.7188,95.5395,490.6332,467.8662,0.2042,158840.7432,1.5636
734,0,21.0,0.0,0.0,68.0,31.7117,60.3898,6.6652,20.5931,79.3066,361.2416,345.3007,0.2297,0.0,1.2033
735,0,242.0,0.0,80.0,220.0,283.2112,495.2691,506.3379,160.32,1072.5158,6338.1642,6030.0961,0.1779,2045134.3974,21.126
736,0,5.0,0.0,0.0,16.0,7.5716,14.4982,1.6002,4.9439,19.0397,86.7259,82.8989,0.2297,0.0,0.2888
737,0,12.0,0.0,16.0,19.0,16.7439,37.9214,39.4892,15.7309,88.309,417.8309,397.9585,0.2219,158076.5551,1.3163
738,0,10.0,0.0,0.0,32.0,15.0884,28.838,3.1669,9.714,37.7041,174.4269,166.7036,0.2262,0.0,0.5811
739,0,16.0,0.0,16.0,19.0,20.8329,43.6245,57.294,17.8948,112.4984,569.5575,542.4479,0.2074,234484.9018,1.8217
746,0,17.0,0.0,0.0,57.0,25.9731,50.5814,5.5893,17.2557,66.4525,302.61,289.254,0.2297,0.0,1.0068
747,0,38.0,0.0,32.0,45.0,47.8701,96.5593,135.8374,39.6342,257.7124,1350.0459,1286.6711,0.2003,559758.4727,4.3546
748,0,13.0,0.0,0.0,45.0,20.0437,39.7097,4.3902,13.5606,52.1899,237.3552,226.8821,0.23,0.0,0.789
751,0,15.0,0.0,0.0,51.0,22.9219,44.6605,4.9376,15.2513,58.6967,266.9475,255.1686,0.23,0.0,0.8882
753,0,18.0,0.0,16.0,20.0,23.4193,46.7862,59.8703,18.5646,118.2377,604.3768,575.6845,0.2054,244998.3525,1.942
757,0,14.0,0.0,0.0,47.0,21.3146,41.237,4.5591,14.0822,54.1972,246.4842,235.6083,0.23,0.0,0.8204
758,0,12.0,0.0,16.0,20.0,17.2495,37.9449,38.4667,15.6806,87.2898,409.1048,389.7805,0.2239,153432.4808,1.2871
761,0,25.0,0.0,16.0,46.0,34.2367,68.3425,75.5326,28.5896,162.5982,848.9547,808.6174,0.2011,303313.6228,2.75
763,0,13.0,0.0,0.0,44.0,19.9024,38.8025,4.2748,13.2278,50.9311,232.1283,221.8879,0.2295,0.0,0.7722
764,0,2.0,0.0,0.0,6.0,3.1038,6.1995,0.6801,2.0958,8.1113,37.3595,35.7078,0.2272,0.0,0.1241
765,0,11.0,0.0,0.0,37.0,16.867,32.9821,3.6336,11.2436,43.2914,197.309,188.6047,0.2295,0.0,0.6563
766,0,13.0,0.0,16.0,21.0,18.1651,39.8734,41.959,16.2614,92.9051,448.7912,427.3982,0.2174,168550.1146,1.4184
767,0,17.0,0.0,0.0,55.0,25.646,48.5986,5.3512,16.5497,63.7632,291.0036,278.1624,0.2292,0.0,0.9695
770,0,14.0,0.0,0.0,46.0,21.3292,41.2022,4.5392,14.0459,54.0809,246.4842,235.6105,0.2295,0.0,0.8203
771,0,6.0,0.0,0.0,22.0,9.5289,19.8381,2.1855,6.7628,26.039,118.6776,113.4421,0.2295,0.0,0.3933
773,0,44.0,0.0,32.0,55.0,56.0887,109.6412,145.7954,44.9621,283.755,1498.0705,1426.1097,0.199,597141.2591,4.8544
776,0,31.0,0.0,16.0,56.0,43.6119,80.9213,81.6641,33.4983,184.0921,963.3323,917.9072,0.2006,324318.1721,3.1337
783,0,18.0,0.0,0.0,59.0,27.3182,52.3834,5.771,17.8575,68.757,313.3731,299.5486,0.2295,0.0,1.0434
784,0,12.0,0.0,0.0,41.0,18.4003,35.9022,3.9678,12.2632,47.1854,214.5326,205.0679,0.2301,0.0,0.7135
786,0,17.0,0.0,0.0,56.0,25.8695,49.7477,5.4951,16.9749,65.3562,297.5373,284.407,0.2298,0.0,0.9904
791,0,6.0,0.0,0.0,20.0,9.132,17.5692,1.9417,6.0012,23.0907,104.984,100.3524,0.2301,0.0,0.3494
793,0,15.0,0.0,16.0,24.0,20.5472,44.3157,48.3891,17.5331,104.2241,520.3556,495.6023,0.2103,195509.3093,1.6557
794,0,22.0,0.0,0.0,72.0,33.3207,63.4975,7.0147,21.6714,83.4271,379.6987,362.9437,0.2299,0.0,1.2644
795,0,8.0,0.0,0.0,28.0,12.4938,25.208,2.7859,8.6104,33.1302,150.6292,143.9838,0.2301,0.0,0.5001
796,0,8.0,0.0,0.0,27.0,12.2215,23.6802,2.6171,8.0885,31.1223,141.5002,135.2575,0.2301,0.0,0.4708
798,0,5.0,0.0,0.0,19.0,7.9959,16.8053,1.8573,5.7402,22.0868,100.4195,95.9892,0.2301,0.0,0.3326
799,0,21.0,0.0,0.0,69.0,31.7579,60.3463,6.6693,20.6127,79.3116,360.5973,344.6886,0.2301,0.0,1.201
800,0,6.0,0.0,0.0,22.0,9.5406,19.8608,2.195,6.7839,26.1025,118.6776,113.4418,0.2301,0.0,0.3933
801,0,12.0,0.0,16.0,19.0,18.7273,38.5195,39.8662,17.1089,90.5344,419.5174,399.7963,0.2265,158898.1816,1.315
802,0,17.0,0.0,0.0,57.0,25.984,50.4457,5.5527,17.1938,66.1965,301.7667,288.5783,0.2294,0.0,1.004
804,0,4.0,0.0,0.0,15.0,6.4188,13.5815,1.4949,4.6291,17.8221,81.2449,77.6613,0.2295,0.0,0.269
807,0,5.0,0.0,0.0,19.0,8.0077,16.8824,1.8554,5.7365,22.1277,101.2628,96.8361,0.2285,0.0,0.3353
808,0,19.0,0.0,0.0,61.0,28.6751,54.3262,5.9798,18.5164,71.2886,324.9796,310.6451,0.2295,0.0,1.0826
810,0,12.0,0.0,16.0,19.0,16.8155,38.0863,39.3088,15.7341,88.2715,417.8309,398.0291,0.2218,157239.2964,1.316
811,0,8.0,0.0,0.0,28.0,12.4844,25.1804,2.7717,8.5824,33.0425,150.6292,143.9852,0.2295,0.0,0.5001
812,0,37.0,0.0,16.0,78.0,52.7346,99.2358,85.8603,40.7831,211.4227,1104.2958,1052.7049,0.2008,334358.0556,3.6042
814,0,12.0,0.0,0.0,38.0,18.0898,34.1946,3.7639,11.6548,44.8713,204.5524,195.5298,0.2295,0.0,0.6815
818,0,22.0,0.0,0.0,71.0,33.2202,63.1516,6.9297,21.3902,82.6716,379.8304,363.0497,0.2277,0.0,1.2653
819,0,24.0,0.0,16.0,40.0,31.981,63.6992,73.0167,26.9045,154.3577,800.8425,762.9192,0.2023,293911.4232,2.5954
820,0,22.0,0.0,16.0,30.0,27.3373,56.3684,65.515,22.5704,136.0044,696.3848,663.3821,0.205,264773.4663,2.2601
821,0,12.0,0.0,16.0,20.0,17.0989,37.8278,38.2957,15.6085,86.9541,407.992,388.6597,0.2237,152684.2008,1.2841
822,0,65.0,0.0,32.0,123.0,92.6733,171.4801,170.7208,69.8576,386.637,2043.5719,1946.8135,0.1986,678606.2552,6.6493
823,0,41.0,0.0,16.0,92.0,58.894,112.0943,87.4827,44.8999,228.2022,1194.2198,1138.7035,0.2004,336690.6625,3.9041
825,0,15.0,0.0,16.0,21.0,20.761,42.5461,52.7429,18.0076,107.4298,531.8363,506.7501,0.212,214102.5068,1.6914
828,0,13.0,0.0,16.0,23.0,18.6711,40.7582,38.0538,16.4665,90.1204,428.3916,408.2433,0.2208,151310.0092,1.3522
830,0,21.0,0.0,0.0,68.0,31.732,60.3883,6.6513,20.578,79.2505,361.4406,345.4937,0.2294,0.0,1.2039
834,0,15.0,0.0,16.0,21.0,20.761,42.5461,52.7429,18.0076,107.4298,531.8363,506.7501,0.212,214102.5068,1.6914
836,0,13.0,0.0,16.0,21.0,18.02,39.4466,41.3693,16.1053,91.8309,441.0437,420.0474,0.2186,165890.0286,1.3945
837,0,21.0,0.0,16.0,33.0,28.1069,57.2155,69.4982,24.174,142.5335,736.3887,701.6876,0.2031,281665.7407,2.3754
838,0,21.0,0.0,16.0,25.0,28.4445,53.7002,69.5457,22.3871,137.4127,703.7862,671.0095,0.2048,283423.354,2.2686
840,0,3.0,0.0,0.0,10.0,4.6371,9.1721,1.0139,3.1355,12.058,54.7743,52.3583,0.2303,0.0,0.182
842,0,16.0,0.0,0.0,53.0,24.322,46.6249,5.1541,15.9386,61.2947,278.4359,266.1546,0.2303,0.0,0.9269
843,0,16.0,0.0,0.0,54.0,24.4584,47.3893,5.2386,16.1999,62.2995,283.0004,270.5178,0.2303,0.0,0.9416
844,0,13.0,0.0,0.0,42.0,19.703,37.5485,4.1479,12.8183,49.3366,224.5049,214.5989,0.2299,0.0,0.7476
845,0,5.0,0.0,0.0,19.0,8.0014,16.8156,1.8589,5.7484,22.1063,100.4195,96.026,0.2302,0.0,0.3326
847,0,18.0,0.0,0.0,61.0,27.5498,53.504,5.9145,18.2902,70.3382,319.5166,305.4233,0.2303,0.0,1.0629
849,0,1.0,0.0,0.0,5.0,1.8186,4.5861,0.507,1.5677,6.029,27.3871,26.1791,0.2303,0.0,0.0896
850,0,12.0,0.0,0.0,39.0,18.1392,34.3954,3.8022,11.758,45.2174,205.4035,196.3436,0.2303,0.0,0.6842
852,0,5.0,0.0,0.0,18.0,7.8717,16.0394,1.7681,5.4742,21.0629,95.855,91.6274,0.2299,0.0,0.318
856,0,141.0,0.0,48.0,131.0,165.1475,291.1412,295.8719,95.3562,630.1644,3710.1604,3530.6731,0.1785,1193550.9851,12.3576
858,0,11.0,0.0,0.0,35.0,16.548,31.1344,3.4107,10.4919,40.6879,188.1205,179.7967,0.2263,0.0,0.6269
861,0,102.0,0.0,32.0,99.0,119.508,211.4273,194.7512,66.9937,435.2005,2545.5088,2422.1343,0.1797,778047.7492,8.4934
862,0,6.0,0.0,0.0,20.0,9.3001,18.4264,2.0284,6.2712,24.1715,110.3918,105.5372,0.229,0.0,0.3668
863,0,8.0,0.0,0.0,27.0,12.3941,24.5366,2.702,8.3566,32.1955,146.908,140.4469,0.2292,0.0,0.4881
865,0,1.0,0.0,0.0,6.0,1.9572,5.3465,0.5894,1.8247,7.021,31.9517,30.5425,0.2299,0.0,0.1038
866,0,4.0,0.0,0.0,13.0,6.2062,12.3161,1.3548,4.1858,16.1475,73.8757,70.6381,0.2286,0.0,0.2454
867,0,6.0,0.0,0.0,20.0,9.3001,18.4264,2.0284,6.2712,24.1715,110.3918,105.5372,0.229,0.0,0.3668
869,0,4.0,0.0,0.0,15.0,6.4614,13.7481,1.5155,4.6921,18.0539,82.1614,78.5377,0.2299,0.0,0.2719
872,0,8.0,0.0,0.0,27.0,12.3449,24.4173,2.6868,8.3235,32.0398,146.0647,139.6227,0.2295,0.0,0.4855
873,0,18.0,0.0,0.0,60.0,27.5046,53.4129,5.8774,18.2077,70.087,319.5166,305.4246,0.2295,0.0,1.0631
884,0,8.0,0.0,0.0,28.0,12.499,25.276,2.7784,8.5985,33.1403,151.4725,144.7884,0.2289,0.0,0.5029
886,0,4.0,0.0,0.0,12.0,6.0367,11.4456,1.2594,3.9016,15.0186,68.4678,65.4731,0.2294,0.0,0.2281
887,0,7.0,0.0,0.0,23.0,10.6843,20.6978,2.2746,7.0379,27.1328,124.0854,118.6203,0.2287,0.0,0.4129
890,0,5.0,0.0,0.0,16.0,7.5798,14.4978,1.5953,4.9421,19.0236,86.7259,82.901,0.2295,0.0,0.2888
893,0,9.0,0.0,0.0,29.0,13.6165,25.9434,2.8547,8.8437,34.0422,155.1938,148.3491,0.2295,0.0,0.5169
894,0,4.0,0.0,0.0,13.0,6.1725,12.2087,1.3434,4.1618,16.0199,73.0324,69.8113,0.2295,0.0,0.2428
905,0,5.0,0.0,0.0,18.0,7.8879,16.2152,1.7784,5.4921,21.2246,97.5416,93.2325,0.2277,0.0,0.3235
908,0,11.0,0.0,0.0,35.0,16.5852,31.3804,3.4501,10.6794,41.1502,187.9887,179.7393,0.2289,0.0,0.6263
909,0,4.0,0.0,0.0,13.0,6.185,12.2985,1.3519,4.1768,16.1181,73.8757,70.6133,0.2283,0.0,0.2455
914,0,8.0,0.0,0.0,26.0,12.0628,22.8806,2.5207,7.8035,30.0354,136.9357,130.8952,0.2295,0.0,0.4562
922,0,14.0,0.0,16.0,23.0,19.7161,42.2701,43.9321,16.7764,97.3716,480.2499,457.4301,0.2129,176532.1778,1.5219
929,0,4.0,0.0,0.0,13.0,6.1668,12.203,1.3443,4.1618,16.0189,73.0324,69.8158,0.2294,0.0,0.2428
930,0,10.0,0.0,0.0,32.0,15.1462,28.982,3.1928,9.8844,38.0448,173.4519,165.8005,0.2295,0.0,0.5776
931,0,16.0,0.0,0.0,52.0,24.2791,46.6194,5.1329,15.8819,61.1712,279.2792,266.9561,0.2291,0.0,0.9299
938,0,105.0,0.0,32.0,131.0,130.9977,230.6599,201.2113,78.6429,470.9095,2763.623,2631.0872,0.179,796104.697,9.1806
940,0,12.0,0.0,0.0,40.0,18.3161,35.9232,3.9338,12.0951,46.9288,217.6765,208.0409,0.2256,0.0,0.7243
946,0,4.0,0.0,0.0,15.0,6.4559,13.8239,1.52,4.697,18.1205,83.0047,79.3397,0.2284,0.0,0.2747
948,0,3.0,0.0,0.0,12.0,4.9141,10.7732,1.1839,3.6565,14.1158,64.7466,61.887,0.2281,0.0,0.2139
950,0,2.0,0.0,0.0,9.0,3.4857,8.3785,0.9245,2.8584,11.0037,50.2097,47.9939,0.2293,0.0,0.1649
956,0,5.0,0.0,0.0,18.0,7.8363,15.9953,1.765,5.4569,21.0071,95.855,91.688,0.2291,0.0,0.3181
967,0,20.0,0.0,0.0,66.0,30.3996,58.6493,6.4718,20.0087,77.0261,351.4682,335.9574,0.2293,0.0,1.17
994,0,5.0,0.0,0.0,19.0,7.9894,16.8523,1.8567,5.7316,22.1066,101.2628,96.7955,0.2284,0.0,0.3354
1003,0,5.0,0.0,0.0,19.0,7.9713,16.7569,1.8491,5.7168,22.0075,100.4195,96.0422,0.2291,0.0,0.3327
1008,0,9.0,0.0,0.0,32.0,13.9972,28.1821,3.1098,9.6146,37.0125,168.8873,161.4341,0.2293,0.0,0.5609
1009,0,8.0,0.0,0.0,28.0,12.457,25.1354,2.7736,8.5752,33.0112,150.6292,143.9818,0.2293,0.0,0.5002
1010,0,18.0,0.0,16.0,20.0,22.2216,46.2213,56.874,18.1491,114.4106,579.6943,551.9919,0.2073,231484.4169,1.868
1012,0,19.0,0.0,16.0,17.0,23.5658,46.212,66.2347,19.2594,124.5663,638.3527,607.9865,0.2049,272197.0799,2.0608
1013,0,7.0,0.0,0.0,23.0,10.6466,20.5653,2.2693,7.0161,27.0092,123.2421,117.8033,0.2293,0.0,0.4102
1014,0,21.0,0.0,0.0,67.0,31.686,59.9338,6.593,20.4244,78.6323,358.5101,342.6981,0.2295,0.0,1.1943
1016,0,15.0,0.0,16.0,22.0,20.5283,43.4684,53.3964,18.5218,109.4533,544.9931,519.145,0.2108,216490.0092,1.7342
1017,0,22.0,0.0,0.0,70.0,33.1563,62.5719,6.8832,21.3235,82.0935,374.2908,357.7828,0.2295,0.0,1.247
1019,0,16.0,0.0,0.0,53.0,24.4534,47.406,5.212,16.1375,62.17,283.8437,271.3213,0.2291,0.0,0.9444
1020,0,15.0,0.0,16.0,22.0,20.417,43.7874,53.4685,18.3874,109.5572,548.7178,522.4362,0.2097,216798.1204,1.7465
1022,0,13.0,0.0,0.0,44.0,19.9387,38.9167,4.281,13.2622,51.0582,232.7906,222.5235,0.2295,0.0,0.7742
1024,0,3.0,0.0,0.0,11.0,4.7687,9.9199,1.0912,3.3805,13.0148,59.3388,56.7446,0.2294,0.0,0.1967
1025,0,8.0,0.0,0.0,26.0,12.0997,22.9877,2.5259,7.8162,30.1335,137.779,131.7115,0.2288,0.0,0.4589
1061,0,4.0,0.0,0.0,12.0,6.0408,11.4461,1.2591,3.9006,15.0171,68.4678,65.4481,0.2295,0.0,0.2281
1253,0,25.0,0.0,16.0,40.0,32.9524,65.9566,73.3038,27.1573,156.564,813.2922,774.7685,0.2021,294489.2097,2.641
1256,0,20.0,0.0,0.0,66.0,30.2893,58.2264,6.4324,19.8694,76.4959,348.1924,332.8716,0.2298,0.0,1.1595
1258,0,22.0,0.0,16.0,30.0,31.0784,58.0553,70.2638,24.196,143.6993,736.3887,701.7747,0.2048,284334.9814,2.3713
1266,0,274.0,0.0,96.0,233.0,317.67,557.2801,598.1134,180.8133,1235.1211,7285.6205,6931.1277,0.1782,2427819.6332,24.2697
1267,0,21.0,0.0,0.0,69.0,31.726,60.8453,6.6975,20.6113,79.7131,366.1817,349.9929,0.2278,0.0,1.2197
1269,0,19.0,0.0,0.0,61.0,28.5947,54.2899,5.9947,18.5085,71.2983,324.9244,310.7326,0.2295,0.0,1.0827
1271,0,66.0,0.0,48.0,80.0,84.0424,163.476,220.4309,66.1538,425.0657,2250.0766,2141.7519,0.1985,905007.0425,7.2917
1275,0,334.0,0.0,112.0,288.0,388.8916,677.1382,716.5125,218.6565,1489.1062,8804.4112,8375.9268,0.1778,2905196.7488,29.3487
1279,0,415.0,0.0,144.0,322.0,473.9943,827.8111,915.7517,263.5406,1854.7121,10982.2497,10446.4116,0.1775,3731301.8369,36.6341
1280,0,19.0,0.0,0.0,64.0,28.9463,56.2855,6.218,19.2071,73.946,336.586,321.8292,0.2298,0.0,1.1202
1282,0,99.0,0.0,64.0,150.0,131.2811,253.4964,326.537,106.691,648.74,3460.3976,3293.3169,0.197,1332302.7398,11.2291
1284,0,240.0,0.0,80.0,215.0,281.2405,490.5614,504.7942,158.2048,1064.7963,6287.2505,5981.4866,0.178,2041394.327,20.9503
1285,0,26.0,0.0,16.0,39.0,33.7697,66.71,76.1098,27.0522,159.7242,835.2577,795.7033,0.2007,306858.5639,2.7182
1288,0,58.0,0.0,32.0,102.0,80.6174,151.4111,166.2445,63.2031,358.3739,1891.8453,1801.6847,0.1989,667004.3194,6.1483
1290,0,17.0,0.0,0.0,57.0,25.7666,50.5304,5.578,17.1985,66.3232,301.7667,288.625,0.2298,0.0,1.0048
1291,0,13.0,0.0,16.0,20.0,17.7272,38.7809,40.4055,15.8929,90.0753,429.4373,408.9853,0.2202,161910.249,1.3588
1292,0,51.0,0.0,32.0,77.0,67.9475,130.068,156.2501,53.2689,320.0549,1703.4968,1622.024,0.1973,634499.5161,5.5313
