Conn_param,Cost,ID1,ID2,Length,geometry
0.0,3045.7224799281203,26904.0,20237.0,0.304572247992812,"LINESTRING (-132302.5962627218 3180645.539535976, -132202.6408885101 3180868.934702649)"
1.0,8527.062626053701,20237.0,20257.0,0.8527062626053699,"LINESTRING (-132202.6408885101 3180868.934702649, -132502.8836453742 3181578.767910559)"
2.0,7684.26557144955,26904.0,23290.0,0.768426557144955,"LINESTRING (-132302.5962627218 3180645.539535976, -132223.2980273156 3180016.123988475)"
3.0,2825.662894505019,29777.0,20463.0,0.282566289450502,"LINESTRING (-136610.4173348677 3184204.928122003, -136483.8976991274 3184406.793112119)"
4.0,2726.8751426184276,20463.0,24626.0,0.272687514261843,"LINESTRING (-136483.8976991274 3184406.793112119, -136713.259501831 3184474.599328742)"
5.0,3806.21965360348,20463.0,20455.0,0.38062196536034804,"LINESTRING (-136483.8976991274 3184406.793112119, -136416.8701997731 3184762.062030564)"
6.0,5501.05210958732,27066.0,27707.0,0.550105210958732,"LINESTRING (-131961.7734127177 3185645.368719669, -132006.2265285383 3185350.111880928)"
7.0,5534.8184308781065,27707.0,29821.0,0.5534818430878111,"LINESTRING (-132006.2265285383 3185350.111880928, -131819.4669245179 3184865.275123749)"
8.0,878.6151981745099,27616.0,27618.0,0.087861519817451,"LINESTRING (-133563.0404509229 3185871.633027269, -133527.4639563329 3185791.379682025)"
9.0,5016.983763662531,27618.0,29909.0,0.501698376366253,"LINESTRING (-133527.4639563329 3185791.379682025, -133358.8965726882 3185481.376756614)"
10.0,5030.252834137485,27618.0,29967.0,0.503025283413749,"LINESTRING (-133527.4639563329 3185791.379682025, -133298.8965726882 3185931.376756614)"
11.0,1054.76334272947,20715.0,25557.0,0.105476334272947,"LINESTRING (-134170.0905203463 3185881.741928386, -134215.7037898719 3185972.889458725)"
12.0,5407.31711827847,25557.0,30030.0,0.5407317118278471,"LINESTRING (-134215.7037898719 3185972.889458725, -134394.2385777326 3185921.608380696)"
13.0,1176.5879801593999,25557.0,25555.0,0.11765879801594001,"LINESTRING (-134215.7037898719 3185972.889458725, -134169.0618799831 3186079.933823202)"
14.0,1669.0937448060802,25555.0,25133.0,0.16690937448060802,"LINESTRING (-134169.0618799831 3186079.933823202, -134292.5868228995 3186148.755543449)"
15.0,4289.11382738515,25555.0,20724.0,0.42891138273851503,"LINESTRING (-134169.0618799831 3186079.933823202, -133900.0240618899 3186395.554660086)"
16.0,723.4584274420132,30137.0,26603.0,0.072345842744201,"LINESTRING (-138748.9183422431 3187199.650177107, -138677.6526212085 3187204.700262516)"
17.0,2961.3224291424212,26603.0,25019.0,0.296132242914242,"LINESTRING (-138677.6526212085 3187204.700262516, -138608.1068475335 3187385.714057937)"
18.0,5903.850729230122,26603.0,30117.0,0.590385072923012,"LINESTRING (-138677.6526212085 3187204.700262516, -138838.9183422431 3186839.650177107)"
19.0,7881.585921348755,30178.0,27557.0,0.788158592134876,"LINESTRING (-136438.0739929304 3187775.306104713, -136185.44644999 3188123.921716537)"
20.0,8212.79277454554,25409.0,25393.0,0.8212792774545539,"LINESTRING (-134595.0397159773 3189638.087562467, -133925.3343523339 3189213.574755087)"
21.0,8436.745484286832,25393.0,25377.0,0.843674548428683,"LINESTRING (-133925.3343523339 3189213.574755087, -133238.1446707682 3189074.645050367)"
22.0,2238.76982978637,25377.0,25367.0,0.22387698297863698,"LINESTRING (-133238.1446707682 3189074.645050367, -133044.4639183296 3188972.378989672)"
23.0,6801.49571516976,25367.0,24639.0,0.6801495715169761,"LINESTRING (-133044.4639183296 3188972.378989672, -133129.6066401489 3188308.411968725)"
24.0,6843.218027397932,24639.0,24645.0,0.684321802739793,"LINESTRING (-133129.6066401489 3188308.411968725, -133070.6148503791 3187633.003747749)"
25.0,5797.67470987067,25355.0,25367.0,0.579767470987067,"LINESTRING (-133040.3510008774 3189514.260131614, -133044.4639183296 3188972.378989672)"
26.0,3643.64391494425,25427.0,24639.0,0.364364391494425,"LINESTRING (-133213.6248120975 3188655.406208444, -133129.6066401489 3188308.411968725)"
27.0,1988.827859349297,24639.0,30271.0,0.19888278593493,"LINESTRING (-133129.6066401489 3188308.411968725, -133005.2038755976 3188273.689628742)"
28.0,2100.0,30432.0,30442.0,0.21,"LINESTRING (-134498.9663626322 3187696.510851925, -134588.9663626322 3187756.510851925)"
29.0,3072.792206135786,30442.0,30478.0,0.307279220613579,"LINESTRING (-134588.9663626322 3187756.510851925, -134588.9663626322 3187936.510851925)"
30.0,588.038704265399,30478.0,27585.0,0.05880387042654,"LINESTRING (-134588.9663626322 3187936.510851925, -134580.7664184608 3187994.122875885)"
31.0,3844.1248918040005,27585.0,27594.0,0.3844124891804,"LINESTRING (-134580.7664184608 3187994.122875885, -134228.9020662298 3187950.892159823)"
32.0,5228.232659943031,27594.0,30410.0,0.5228232659943031,"LINESTRING (-134228.9020662298 3187950.892159823, -134138.9663626322 3187486.510851925)"
33.0,6967.049075124278,27585.0,30475.0,0.696704907512428,"LINESTRING (-134580.7664184608 3187994.122875885, -135188.9663626322 3187936.510851925)"
34.0,2965.9048552118024,30442.0,30419.0,0.296590485521181,"LINESTRING (-134588.9663626322 3187756.510851925, -134768.9663626322 3187576.510851925)"
35.0,9503.534242253658,28134.0,25102.0,0.9503534242253662,"LINESTRING (-132160.6576212683 3187931.17926759, -132270.6847792556 3187651.336494298)"
36.0,2411.02223937578,25188.0,25195.0,0.241102223937578,"LINESTRING (-136742.9895609215 3188039.808739939, -136719.2357163159 3188278.212801525)"
37.0,346.21029084168,25195.0,25244.0,0.034621029084168,"LINESTRING (-136719.2357163159 3188278.212801525, -136694.5266337084 3188300.915484821)"
38.0,12633.075510478448,25289.0,25254.0,1.2633075510478438,"LINESTRING (-137630.351375223 3189643.404294915, -137259.5666775035 3188678.40864146)"
39.0,5359.35308785579,25254.0,25268.0,0.535935308785579,"LINESTRING (-137259.5666775035 3188678.40864146, -137062.1493236003 3188406.737017249)"
40.0,8015.64563157313,25268.0,25195.0,0.8015645631573131,"LINESTRING (-137062.1493236003 3188406.737017249, -136719.2357163159 3188278.212801525)"
41.0,3892.23372125709,25346.0,25339.0,0.389223372125709,"LINESTRING (-132973.9595124079 3190188.786820358, -132967.0913624897 3189873.996540984)"
42.0,1571.8878161945502,25339.0,26571.0,0.15718878161945501,"LINESTRING (-132967.0913624897 3189873.996540984, -132818.9832194829 3189841.291301199)"
43.0,3692.5969211345605,26589.0,25333.0,0.369259692113456,"LINESTRING (-132560.798758894 3189978.815003, -132839.6377678957 3190052.347890145)"
44.0,2346.7308120327307,25333.0,25339.0,0.234673081203273,"LINESTRING (-132839.6377678957 3190052.347890145, -132967.0913624897 3189873.996540984)"
45.0,8550.911409328177,30755.0,26515.0,0.855091140932818,"LINESTRING (-138460.3903375971 3190374.488044959, -138459.9025308517 3189866.825967429)"
46.0,2461.69570482007,26515.0,25304.0,0.246169570482007,"LINESTRING (-138459.9025308517 3189866.825967429, -138306.276071625 3189802.431291021)"
47.0,4611.7662673675,25304.0,30744.0,0.46117662673675,"LINESTRING (-138306.276071625 3189802.431291021, -138040.3903375971 3190104.488044959)"
48.0,3379.5326138833384,26520.0,25304.0,0.337953261388334,"LINESTRING (-138276.8301136667 3189555.678032587, -138306.276071625 3189802.431291021)"
49.0,3690.1786591113623,30787.0,25235.0,0.369017865911136,"LINESTRING (-139533.1398532531 3191555.630329436, -139328.1451103858 3191363.236840162)"
50.0,7987.215991188836,30828.0,30830.0,0.7987215991188839,"LINESTRING (-150742.7051677799 3174009.531212002, -150112.7051677799 3174009.531212002)"
51.0,5170.03865129108,20090.0,20085.0,0.517003865129108,"LINESTRING (-143859.5129017183 3174539.626795953, -143569.9311609245 3174266.253280158)"
52.0,2965.904855211802,31140.0,31142.0,0.296590485521181,"LINESTRING (-137391.5289398742 3170347.407370409, -137601.5289398742 3170377.407370409)"
53.0,4876.937296740981,31142.0,28199.0,0.48769372967409796,"LINESTRING (-137601.5289398742 3170377.407370409, -137418.7263762503 3170812.109946193)"
54.0,1829.8425482019995,21476.0,31142.0,0.1829842548202,"LINESTRING (-137708.0179499497 3170272.725692234, -137601.5289398742 3170377.407370409)"
55.0,6427.67585122737,21476.0,28295.0,0.6427675851227379,"LINESTRING (-137708.0179499497 3170272.725692234, -137736.9253993908 3169931.838331925)"
56.0,6095.686754988908,28295.0,24426.0,0.609568675498891,"LINESTRING (-137736.9253993908 3169931.838331925, -138006.5693854929 3169398.492608598)"
57.0,3122.45358004077,24426.0,21494.0,0.312245358004077,"LINESTRING (-138006.5693854929 3169398.492608598, -138233.0586427817 3169269.184683645)"
58.0,15797.422026265702,21494.0,28211.0,1.57974220262657,"LINESTRING (-138233.0586427817 3169269.184683645, -138995.5683759829 3168764.712054684)"
59.0,3914.72324409876,28211.0,25972.0,0.3914723244098759,"LINESTRING (-138995.5683759829 3168764.712054684, -139171.1240573373 3168814.205620516)"
60.0,1120.98893665974,25972.0,25975.0,0.112098893665974,"LINESTRING (-139171.1240573373 3168814.205620516, -139235.5819622269 3168725.627275314)"
61.0,7494.03587340844,21476.0,23485.0,0.749403587340844,"LINESTRING (-137708.0179499497 3170272.725692234, -138378.7343847865 3170564.848136112)"
62.0,5845.505254893724,23485.0,31153.0,0.584550525489372,"LINESTRING (-138378.7343847865 3170564.848136112, -138471.5289398742 3170437.407370409)"
63.0,8268.058900669259,24426.0,28307.0,0.8268058900669261,"LINESTRING (-138006.5693854929 3169398.492608598, -137514.4772602855 3168994.893315596)"
64.0,463.84525946004334,24426.0,31094.0,0.046384525946004,"LINESTRING (-138006.5693854929 3169398.492608598, -137961.5289398742 3169387.407370409)"
65.0,6704.2000485222325,31082.0,25972.0,0.670420004852224,"LINESTRING (-139131.5289398742 3169297.407370409, -139171.1240573373 3168814.205620516)"
66.0,6457.231696686411,23513.0,21494.0,0.645723169668641,"LINESTRING (-138423.9446443954 3168760.226678843, -138233.0586427817 3169269.184683645)"
67.0,6220.22458237448,23513.0,23502.0,0.6220224582374481,"LINESTRING (-138423.9446443954 3168760.226678843, -138136.6143314284 3168653.470697746)"
68.0,6018.703817502544,23502.0,23549.0,0.601870381750254,"LINESTRING (-138136.6143314284 3168653.470697746, -137779.1070496347 3168324.932731626)"
69.0,2517.96235797589,24707.0,24701.0,0.25179623579758903,"LINESTRING (-130952.264524489 3179347.309080152, -131106.256613175 3179538.138967126)"
70.0,4416.504217990201,24701.0,28773.0,0.44165042179902003,"LINESTRING (-131106.256613175 3179538.138967126, -131070.1653552561 3179650.240315493)"
71.0,6728.609269533089,24707.0,28689.0,0.6728609269533091,"LINESTRING (-130952.264524489 3179347.309080152, -130500.1653552561 3178990.240315493)"
72.0,1180.5438465043137,24707.0,28701.0,0.118054384650431,"LINESTRING (-130952.264524489 3179347.309080152, -130980.1653552561 3179260.240315493)"
73.0,339.51499292718995,25704.0,25705.0,0.033951499292719,"LINESTRING (-131824.4069743649 3179417.079028045, -131793.3902330219 3179430.885174967)"
74.0,5134.08634476853,25705.0,24695.0,0.513408634476853,"LINESTRING (-131793.3902330219 3179430.885174967, -131363.0702943653 3179521.288035197)"
75.0,2597.25589773502,24695.0,24701.0,0.25972558977350196,"LINESTRING (-131363.0702943653 3179521.288035197, -131106.256613175 3179538.138967126)"
76.0,3875.2858764210096,25704.0,20335.0,0.38752858764210096,"LINESTRING (-131824.4069743649 3179417.079028045, -131941.4660876239 3179345.634261289)"
77.0,114.22924824324078,28745.0,24695.0,0.011422924824324,"LINESTRING (-131370.1653552561 3179530.240315493, -131363.0702943653 3179521.288035197)"
78.0,4177.77884480237,25705.0,25719.0,0.41777788448023706,"LINESTRING (-131793.3902330219 3179430.885174967, -131653.7036197921 3179747.591573992)"
79.0,4917.1416136538,31208.0,23653.0,0.49171416136538004,"LINESTRING (-147080.9803245683 3177291.304916803, -146948.1088045074 3177170.982944562)"
80.0,6536.60213879826,23653.0,23692.0,0.653660213879826,"LINESTRING (-146948.1088045074 3177170.982944562, -146675.2036853574 3177613.053043539)"
81.0,1393.6505865629601,23652.0,23653.0,0.139365058656296,"LINESTRING (-146852.908055027 3177103.73829129, -146948.1088045074 3177170.982944562)"
82.0,7046.060628970836,31266.0,31290.0,0.704606062897084,"LINESTRING (-147562.6738823896 3177733.07577988, -147172.6738823896 3178213.07577988)"
83.0,2900.015846181567,31266.0,23664.0,0.290001584618158,"LINESTRING (-147562.6738823896 3177733.07577988, -147700.2608638727 3177518.619832169)"
84.0,3578.2097210610764,23664.0,31256.0,0.357820972106108,"LINESTRING (-147700.2608638727 3177518.619832169, -148012.6738823896 3177613.07577988)"
85.0,4151.364680320958,31256.0,31283.0,0.41513646803209603,"LINESTRING (-148012.6738823896 3177613.07577988, -148162.6738823896 3177943.07577988)"
86.0,7495.660297772181,23664.0,23698.0,0.749566029777218,"LINESTRING (-147700.2608638727 3177518.619832169, -147053.1318709163 3177437.385633672)"
87.0,6627.715276790737,31304.0,31317.0,0.6627715276790731,"LINESTRING (-139278.0515961029 3170316.857518089, -139758.0515961029 3170496.857518089)"
88.0,6125.740599142672,31317.0,27677.0,0.612574059914266,"LINESTRING (-139758.0515961029 3170496.857518089, -140020.0139927823 3170840.319010152)"
89.0,3938.5304538902187,21131.0,31389.0,0.39385304538902194,"LINESTRING (-147160.9613403367 3181616.165453209, -147169.6590617808 3181824.858823911)"
90.0,5758.252031244941,31384.0,31379.0,0.5758252031244949,"LINESTRING (-147049.6590617808 3181764.858823911, -146539.6590617808 3181704.858823911)"
91.0,2384.2435297180095,31384.0,21131.0,0.238424352971801,"LINESTRING (-147049.6590617808 3181764.858823911, -147160.9613403367 3181616.165453209)"
92.0,5815.511559258275,21131.0,31354.0,0.581551155925827,"LINESTRING (-147160.9613403367 3181616.165453209, -146839.6590617808 3181404.858823911)"
93.0,7275.061810477023,22555.0,22548.0,0.7275061810477019,"LINESTRING (-159038.5816894938 3170196.122484754, -159152.7621128724 3170868.249872197)"
94.0,4919.87915714472,22472.0,22486.0,0.49198791571447203,"LINESTRING (-141671.5140081777 3170472.471713872, -141857.4657368646 3170809.154717959)"
95.0,7041.191319645451,22486.0,22387.0,0.704119131964545,"LINESTRING (-141857.4657368646 3170809.154717959, -141433.0736231485 3170929.809842399)"
96.0,4566.147726131945,31525.0,22510.0,0.456614772613195,"LINESTRING (-142855.6949743763 3170415.408852478, -142739.2622758995 3170716.399022244)"
97.0,2450.424132834509,31610.0,23611.0,0.245042413283451,"LINESTRING (-151569.6117936629 3182927.56382053, -151416.0320896518 3182788.82156723)"
98.0,17733.60322723752,23611.0,31559.0,1.7733603227237518,"LINESTRING (-151416.0320896518 3182788.82156723, -150399.6117936629 3182627.56382053)"
99.0,4556.525712627377,31668.0,28439.0,0.455652571262738,"LINESTRING (-147639.6095654299 3183408.078475053, -147503.2949878501 3183422.481286661)"
100.0,4181.21571735442,23232.0,26857.0,0.418121571735442,"LINESTRING (-133650.6764664518 3181125.887863379, -133562.2452236981 3181498.438903108)"
101.0,1815.64806236073,26857.0,23237.0,0.181564806236073,"LINESTRING (-133562.2452236981 3181498.438903108, -133697.5481564825 3181391.201836409)"
102.0,406.5319287861,23232.0,24912.0,0.04065319287861,"LINESTRING (-133650.6764664518 3181125.887863379, -133685.5529559231 3181146.775959831)"
103.0,5596.559210625705,24912.0,28886.0,0.5596559210625701,"LINESTRING (-133685.5529559231 3181146.775959831, -133964.1655273109 3181358.3427871)"
104.0,5519.442326233491,23232.0,26385.0,0.5519442326233489,"LINESTRING (-133650.6764664518 3181125.887863379, -133588.3075149728 3180633.880046288)"
105.0,7508.4339417171905,26857.0,28921.0,0.7508433941717201,"LINESTRING (-133562.2452236981 3181498.438903108, -133244.1655273109 3181868.3427871)"
106.0,3221.54480677775,19910.0,19916.0,0.322154480677775,"LINESTRING (-150072.130468348 3183004.360711636, -149756.2085412255 3183064.639291692)"
107.0,2638.8581875482996,19916.0,26805.0,0.26388581875482997,"LINESTRING (-149756.2085412255 3183064.639291692, -149723.8244723162 3183178.198825033)"
108.0,6645.885941183065,31732.0,19910.0,0.6645885941183071,"LINESTRING (-150503.5856515348 3183121.137548914, -150072.130468348 3183004.360711636)"
109.0,5293.794664565255,19916.0,31695.0,0.5293794664565249,"LINESTRING (-149756.2085412255 3183064.639291692, -149423.5856515348 3182941.137548914)"
110.0,7154.863480606516,31760.0,31787.0,0.715486348060651,"LINESTRING (-147653.1872489444 3184502.270048948, -147803.1872489444 3184862.270048948)"
111.0,6816.942462842451,23046.0,23030.0,0.6816942462842449,"LINESTRING (-148512.4555349421 3185880.818671044, -147856.239461837 3185710.943702927)"
112.0,2334.5942138516903,23030.0,23074.0,0.233459421385169,"LINESTRING (-147856.239461837 3185710.943702927, -147944.4592167629 3185924.429756191)"
113.0,249.34194349663758,23074.0,31858.0,0.024934194349664,"LINESTRING (-147944.4592167629 3185924.429756191, -147968.6923575386 3185930.300781315)"
114.0,2025.5701057657202,22929.0,22841.0,0.202557010576572,"LINESTRING (-147163.1929225626 3185307.223661153, -147099.369688936 3185479.995290732)"
115.0,2939.22649906429,22841.0,22848.0,0.293922649906429,"LINESTRING (-147099.369688936 3185479.995290732, -146957.5237157711 3185434.140640639)"
116.0,5561.75423786142,23074.0,23061.0,0.5561754237861419,"LINESTRING (-147944.4592167629 3185924.429756191, -148259.1194530151 3186341.814404188)"
117.0,5490.475656045728,23061.0,22865.0,0.549047565604573,"LINESTRING (-148259.1194530151 3186341.814404188, -148105.4795506465 3186711.164001017)"
118.0,5061.814152158113,22865.0,31959.0,0.506181415215812,"LINESTRING (-148105.4795506465 3186711.164001017, -147878.6923575386 3186350.300781315)"
119.0,4747.6412675655,23108.0,23092.0,0.47476412675655005,"LINESTRING (-148616.9533949955 3186390.635359493, -148338.7200384687 3186025.293815181)"
120.0,5851.984857139872,23092.0,23030.0,0.585198485713987,"LINESTRING (-148338.7200384687 3186025.293815181, -147856.239461837 3185710.943702927)"
121.0,1631.9410195070823,22879.0,31950.0,0.163194101950708,"LINESTRING (-147433.9534026824 3186226.473572637, -147308.6923575386 3186320.300781315)"
122.0,2302.2331607854885,22879.0,28178.0,0.230223316078549,"LINESTRING (-147433.9534026824 3186226.473572637, -147484.2490739325 3186015.336679771)"
123.0,8983.891819169097,28178.0,22929.0,0.8983891819169101,"LINESTRING (-147484.2490739325 3186015.336679771, -147163.1929225626 3185307.223661153)"
124.0,2285.93440935313,22879.0,22874.0,0.228593440935313,"LINESTRING (-147433.9534026824 3186226.473572637, -147562.7500708319 3186371.421008614)"
125.0,7233.45039837372,22874.0,22859.0,0.7233450398373722,"LINESTRING (-147562.7500708319 3186371.421008614, -147902.3792545823 3186790.709948321)"
126.0,4944.023370243261,22859.0,22975.0,0.49440233702432607,"LINESTRING (-147902.3792545823 3186790.709948321, -148082.2698899062 3187149.631868824)"
127.0,1113.70516627185,22859.0,22862.0,0.111370516627185,"LINESTRING (-147902.3792545823 3186790.709948321, -148007.3905730135 3186785.494997772)"
128.0,2073.1038938564297,22862.0,22865.0,0.207310389385643,"LINESTRING (-148007.3905730135 3186785.494997772, -148105.4795506465 3186711.164001017)"
129.0,3205.6192920621484,22841.0,31822.0,0.320561929206215,"LINESTRING (-147099.369688936 3185479.995290732, -147188.6923575386 3185720.300781315)"
130.0,557.780516029245,28178.0,31870.0,0.055778051602924,"LINESTRING (-147484.2490739325 3186015.336679771, -147428.6923575386 3186020.300781315)"
131.0,3562.8875185807797,22822.0,22815.0,0.356288751858078,"LINESTRING (-142622.4678565601 3190107.65480128, -142452.7806362999 3189847.843221766)"
132.0,3069.65404642204,22815.0,22808.0,0.306965404642204,"LINESTRING (-142452.7806362999 3189847.843221766, -142402.0892832509 3189567.531149994)"
133.0,3351.61712536099,22808.0,22800.0,0.335161712536099,"LINESTRING (-142402.0892832509 3189567.531149994, -142260.3467770588 3189311.492050262)"
134.0,1637.6685519823764,22800.0,32113.0,0.163766855198238,"LINESTRING (-142260.3467770588 3189311.492050262, -142177.1197336405 3189422.533156587)"
135.0,1509.0689493566047,32136.0,22815.0,0.150906894935661,"LINESTRING (-142357.1197336405 3189932.533156587, -142452.7806362999 3189847.843221766)"
136.0,1308.84706249788,22800.0,22797.0,0.13088470624978799,"LINESTRING (-142260.3467770588 3189311.492050262, -142168.9955795213 3189240.968543884)"
137.0,6637.159614208009,22797.0,27284.0,0.663715961420801,"LINESTRING (-142168.9955795213 3189240.968543884, -142368.5425796263 3188732.286063005)"
138.0,1142.7937872738999,22794.0,22797.0,0.11427937872739,"LINESTRING (-142151.5096530819 3189131.5705311, -142168.9955795213 3189240.968543884)"
139.0,6265.91136234418,22833.0,27502.0,0.626591136234418,"LINESTRING (-142759.8756006155 3191122.869940566, -142986.8830894047 3191644.637008555)"
140.0,2635.0377307435465,22833.0,32167.0,0.263503773074355,"LINESTRING (-142759.8756006155 3191122.869940566, -142802.6097598273 3191360.375495758)"
141.0,10726.988064951174,22833.0,27523.0,1.072698806495117,"LINESTRING (-142759.8756006155 3191122.869940566, -143155.5401135347 3190936.042319901)"
142.0,9993.309810749226,32209.0,32238.0,0.9993309810749229,"LINESTRING (-154106.0135509645 3198744.610603529, -153836.0135509645 3199314.610603529)"
143.0,7085.414168167763,32322.0,27449.0,0.708541416816775,"LINESTRING (-151763.9507317203 3204803.21524229, -151446.7095462593 3204487.31559157)"
144.0,3889.51866516802,27449.0,22061.0,0.388951866516802,"LINESTRING (-151446.7095462593 3204487.31559157, -151769.9993962383 3204503.205003138)"
145.0,2821.0516983565667,22061.0,32310.0,0.28210516983565703,"LINESTRING (-151769.9993962383 3204503.205003138, -151973.9507317203 3204563.21524229)"
146.0,4904.229179493809,32292.0,22061.0,0.490422917949381,"LINESTRING (-151823.9507317203 3204293.21524229, -151769.9993962383 3204503.205003138)"
147.0,7078.071300266097,21824.0,32351.0,0.7078071300266101,"LINESTRING (-153074.3124943481 3204311.662690861, -153370.4907991756 3204553.388128477)"
148.0,6988.094808458151,22493.0,32429.0,0.698809480845815,"LINESTRING (-142271.9317466459 3171257.104438113, -142532.2739768379 3171027.476660287)"
149.0,6784.9799728193575,32486.0,32495.0,0.678497997281935,"LINESTRING (-152233.8726609793 3212438.330128947, -152593.8726609793 3212708.330128947)"
150.0,6877.373760815333,32531.0,32516.0,0.6877373760815332,"LINESTRING (-151568.7721395129 3213086.154313998, -151118.7721395129 3212936.154313998)"
151.0,1040.92086508063,20130.0,20132.0,0.10409208650806301,"LINESTRING (-145964.403882219 3172204.466444899, -146012.8053739085 3172126.598827697)"
152.0,8650.426255111888,20132.0,20149.0,0.865042625511189,"LINESTRING (-146012.8053739085 3172126.598827697, -146868.4310827929 3171999.306289632)"
153.0,5882.422575973969,20149.0,20153.0,0.588242257597397,"LINESTRING (-146868.4310827929 3171999.306289632, -147342.3657515471 3172133.794660837)"
154.0,1297.219532354207,20153.0,32620.0,0.129721953235421,"LINESTRING (-147342.3657515471 3172133.794660837, -147415.9437421414 3172227.447688494)"
155.0,294.77352813331646,20130.0,32625.0,0.029477352813332,"LINESTRING (-145964.403882219 3172204.466444899, -145945.9437421414 3172227.447688494)"
156.0,5796.792627993615,20130.0,32682.0,0.579679262799361,"LINESTRING (-145964.403882219 3172204.466444899, -145795.9437421414 3172647.447688494)"
157.0,4872.792206135785,32682.0,32702.0,0.487279220613579,"LINESTRING (-145795.9437421414 3172647.447688494, -146155.9437421414 3172827.447688494)"
158.0,2327.6917682785,20132.0,26925.0,0.23276917682785,"LINESTRING (-146012.8053739085 3172126.598827697, -145803.341957862 3172103.604501392)"
159.0,7915.432893255071,32677.0,32663.0,0.791543289325508,"LINESTRING (-147715.9437421414 3172617.447688494, -147295.9437421414 3172497.447688494)"
160.0,4947.9714530231495,32663.0,20153.0,0.494797145302316,"LINESTRING (-147295.9437421414 3172497.447688494, -147342.3657515471 3172133.794660837)"
161.0,3470.5928549048335,20149.0,32615.0,0.34705928549048404,"LINESTRING (-146868.4310827929 3171999.306289632, -146905.9437421414 3172197.447688494)"
162.0,646.3386164573501,20486.0,20188.0,0.06463386164573501,"LINESTRING (-131178.7690703106 3184718.424062379, -131115.5633095911 3184729.59550403)"
163.0,2324.09107682344,20188.0,20646.0,0.232409107682344,"LINESTRING (-131115.5633095911 3184729.59550403, -130884.8354996862 3184750.90852371)"
164.0,1142.3769261801713,20646.0,29269.0,0.114237692618017,"LINESTRING (-130884.8354996862 3184750.90852371, -130914.4933484389 3184649.10219475)"
165.0,2201.09741264996,20486.0,20490.0,0.220109741264996,"LINESTRING (-131178.7690703106 3184718.424062379, -131067.050433751 3184903.435902732)"
166.0,1115.25311982369,20490.0,20492.0,0.11152531198236901,"LINESTRING (-131067.050433751 3184903.435902732, -131029.8037004037 3185008.557549038)"
167.0,6371.486278181959,20492.0,20500.0,0.637148627818196,"LINESTRING (-131029.8037004037 3185008.557549038, -130973.8296306549 3185566.443481578)"
168.0,4568.317250170155,20500.0,20507.0,0.456831725017015,"LINESTRING (-130973.8296306549 3185566.443481578, -130834.1048602076 3185900.285632476)"
169.0,4139.30161892598,20507.0,20514.0,0.413930161892598,"LINESTRING (-130834.1048602076 3185900.285632476, -130646.5834189503 3186231.318961579)"
170.0,595.06999645442,20514.0,20515.0,0.059506999645442,"LINESTRING (-130646.5834189503 3186231.318961579, -130696.8797603859 3186262.626973652)"
171.0,4898.839046421329,20515.0,27980.0,0.4898839046421329,"LINESTRING (-130696.8797603859 3186262.626973652, -130683.0217766173 3186696.666276119)"
172.0,8375.931707834601,27980.0,20427.0,0.83759317078346,"LINESTRING (-130683.0217766173 3186696.666276119, -130476.5632583636 3187057.056002512)"
173.0,7656.590288369626,20427.0,27951.0,0.7656590288369631,"LINESTRING (-130476.5632583636 3187057.056002512, -130120.199116062 3187115.861962861)"
174.0,807.38222639227,20486.0,27083.0,0.080738222639227,"LINESTRING (-131178.7690703106 3184718.424062379, -131235.4478638349 3184691.015439531)"
175.0,4607.636556051625,27083.0,29208.0,0.4607636556051631,"LINESTRING (-131235.4478638349 3184691.015439531, -131274.4933484389 3184349.10219475)"
176.0,4374.71439753339,26888.0,25531.0,0.43747143975333896,"LINESTRING (-131144.4388857979 3182903.499805856, -130834.6660913439 3182874.923387882)"
177.0,3533.27007031717,25531.0,20295.0,0.35332700703171704,"LINESTRING (-130834.6660913439 3182874.923387882, -130845.8812195235 3183186.695414599)"
178.0,6374.201174368521,20295.0,29090.0,0.6374201174368531,"LINESTRING (-130845.8812195235 3183186.695414599, -131064.4933484389 3183479.10219475)"
179.0,1145.51558812711,20490.0,27728.0,0.11455155881271101,"LINESTRING (-131067.050433751 3184903.435902732, -131172.3707839936 3184930.532628905)"
180.0,3149.0934093911,20515.0,25032.0,0.31490934093910994,"LINESTRING (-130696.8797603859 3186262.626973652, -130868.5503437334 3186191.777816013)"
181.0,1526.81559798668,25531.0,25528.0,0.152681559798668,"LINESTRING (-130834.6660913439 3182874.923387882, -130744.8412338822 3182996.327888866)"
182.0,7989.73217534761,25528.0,25513.0,0.7989732175347608,"LINESTRING (-130744.8412338822 3182996.327888866, -130324.3811562339 3183651.728709289)"
183.0,3451.14318207003,25513.0,25172.0,0.345114318207003,"LINESTRING (-130324.3811562339 3183651.728709289, -130258.4215542157 3183973.732508164)"
184.0,2625.33154594231,25172.0,20627.0,0.262533154594231,"LINESTRING (-130258.4215542157 3183973.732508164, -130291.488481364 3184226.414981355)"
185.0,624.30722877377,20627.0,20275.0,0.062430722877377,"LINESTRING (-130291.488481364 3184226.414981355, -130296.8098147757 3184288.502207468)"
186.0,5156.468872414551,20275.0,20283.0,0.515646887241455,"LINESTRING (-130296.8098147757 3184288.502207468, -130498.2371463959 3183843.652410713)"
187.0,3477.1152087643404,20646.0,27700.0,0.34771152087643403,"LINESTRING (-130884.8354996862 3184750.90852371, -130589.4840994063 3184874.136667917)"
188.0,6704.139112222352,27700.0,20275.0,0.670413911222235,"LINESTRING (-130589.4840994063 3184874.136667917, -130296.8098147757 3184288.502207468)"
189.0,5196.917834781902,29257.0,27695.0,0.5196917834781901,"LINESTRING (-130194.4933484389 3184589.10219475, -130375.5886477878 3184845.073171159)"
190.0,2205.49387929876,27695.0,27700.0,0.220549387929876,"LINESTRING (-130375.5886477878 3184845.073171159, -130589.4840994063 3184874.136667917)"
191.0,3413.14392817108,20188.0,20181.0,0.341314392817108,"LINESTRING (-131115.5633095911 3184729.59550403, -130961.4100793306 3184459.91326923)"
192.0,1950.910135537717,20492.0,29342.0,0.195091013553772,"LINESTRING (-131029.8037004037 3185008.557549038, -130854.4933484389 3184949.10219475)"
193.0,10111.81014006766,23138.0,32753.0,1.011181014006766,"LINESTRING (-149333.9512380426 3173295.2758378, -148526.0582988206 3172882.156990816)"
194.0,2843.612599385722,32753.0,32764.0,0.284361259938573,"LINESTRING (-148526.0582988206 3172882.156990816, -148586.0582988205 3173122.156990816)"
195.0,6197.056274847713,32733.0,32725.0,0.6197056274847721,"LINESTRING (-148016.0582988205 3172792.156990816, -148436.0582988205 3172762.156990816)"
196.0,1681.6653826391967,32725.0,32753.0,0.16816653826392,"LINESTRING (-148436.0582988205 3172762.156990816, -148526.0582988206 3172882.156990816)"
197.0,8036.300583056731,21954.0,21672.0,0.803630058305673,"LINESTRING (-149471.7245443428 3211648.297708084, -150185.7399112445 3211533.034172303)"
198.0,428.69848020556753,21954.0,32856.0,0.042869848020557,"LINESTRING (-149471.7245443428 3211648.297708084, -149434.9252635795 3211659.224865499)"
199.0,5752.568620293049,21954.0,21943.0,0.575256862029305,"LINESTRING (-149471.7245443428 3211648.297708084, -148937.7357346799 3211522.305266425)"
200.0,456.87645637186,21943.0,21942.0,0.045687645637186,"LINESTRING (-148937.7357346799 3211522.305266425, -148929.6629461936 3211485.633902782)"
201.0,6301.96999982517,21942.0,27418.0,0.630196999982517,"LINESTRING (-148929.6629461936 3211485.633902782, -149037.9125778648 3211822.069330729)"
202.0,4602.0991588939305,21930.0,21942.0,0.46020991588939303,"LINESTRING (-148577.3209311413 3211219.224851322, -148929.6629461936 3211485.633902782)"
203.0,9429.989340181077,32888.0,22013.0,0.9429989340181077,"LINESTRING (-147315.2686309296 3216611.842434921, -146629.315113219 3216324.504651938)"
204.0,3454.36849343153,25945.0,23402.0,0.34543684934315305,"LINESTRING (-136605.8972406265 3171092.631464044, -136382.4980263291 3170939.214224783)"
205.0,5228.45036168639,23402.0,23412.0,0.5228450361686391,"LINESTRING (-136382.4980263291 3170939.214224783, -136894.3533013513 3170979.700528952)"
206.0,5785.445346256342,23412.0,32963.0,0.578544534625634,"LINESTRING (-136894.3533013513 3170979.700528952, -137244.8348970474 3171201.250588407)"
207.0,9275.908616104742,24516.0,24550.0,0.9275908616104741,"LINESTRING (-135383.2354160865 3172111.699002239, -134702.4353917385 3172468.133541309)"
208.0,4747.57729247485,24550.0,24559.0,0.474757729247485,"LINESTRING (-134702.4353917385 3172468.133541309, -135064.6362225985 3172746.392544889)"
209.0,2494.39560677515,24516.0,23383.0,0.24943956067751502,"LINESTRING (-135383.2354160865 3172111.699002239, -135593.3508037963 3172237.593679499)"
210.0,4316.69580902683,23383.0,23389.0,0.43166958090268304,"LINESTRING (-135593.3508037963 3172237.593679499, -135748.2015781578 3171865.694723914)"
211.0,742.41130358251,23389.0,23391.0,0.074241130358251,"LINESTRING (-135748.2015781578 3171865.694723914, -135753.0227498461 3171791.627615644)"
212.0,5735.70160344194,23391.0,23398.0,0.573570160344194,"LINESTRING (-135753.0227498461 3171791.627615644, -136097.8087090157 3171339.525803096)"
213.0,5608.8633072113635,33052.0,23389.0,0.560886330721137,"LINESTRING (-135871.6358273259 3172191.807524499, -135748.2015781578 3171865.694723914)"
214.0,4565.8648449498605,33153.0,23452.0,0.456586484494986,"LINESTRING (-134132.4233892447 3173239.843044653, -134438.3147022557 3172964.415634198)"
215.0,3785.3219127132797,23452.0,33139.0,0.378532191271328,"LINESTRING (-134438.3147022557 3172964.415634198, -134732.4233892447 3172819.843044653)"
216.0,2852.6736473632996,25906.0,23452.0,0.28526736473633,"LINESTRING (-134274.7080521605 3172940.282836678, -134438.3147022557 3172964.415634198)"
217.0,5384.987820137532,33168.0,22610.0,0.538498782013753,"LINESTRING (-161504.2468309549 3168674.628106744, -161094.9237415565 3168603.607511056)"
218.0,6928.865333869481,22353.0,33193.0,0.6928865333869481,"LINESTRING (-140885.4970290762 3168508.70180107, -140564.0634883768 3168087.046821524)"
219.0,5738.31003143402,22353.0,22449.0,0.573831003143402,"LINESTRING (-140885.4970290762 3168508.70180107, -141206.6636151787 3168920.947770232)"
220.0,7103.327626416013,22449.0,33225.0,0.7103327626416011,"LINESTRING (-141206.6636151787 3168920.947770232, -141674.0634883768 3168867.046821524)"
221.0,2019.04989213081,26246.0,26249.0,0.20190498921308098,"LINESTRING (-141922.7677951613 3169129.463811668, -142005.2697561702 3168945.308448774)"
222.0,4521.352083213054,26246.0,33297.0,0.45213520832130605,"LINESTRING (-141922.7677951613 3169129.463811668, -142090.5501055286 3169271.109785542)"
223.0,4243.07523756803,26230.0,26238.0,0.424307523756803,"LINESTRING (-141958.5412290493 3169880.748425217, -141826.1601230547 3169497.762961226)"
224.0,1975.7272195791024,26238.0,33311.0,0.19757272195790998,"LINESTRING (-141826.1601230547 3169497.762961226, -141970.5501055286 3169451.109785542)"
225.0,3909.00226989157,26246.0,26238.0,0.390900226989157,"LINESTRING (-141922.7677951613 3169129.463811668, -141826.1601230547 3169497.762961226)"
226.0,3647.2093067504297,26991.0,24984.0,0.364720930675043,"LINESTRING (-132898.7219548798 3182883.199529564, -133089.3707695989 3182672.243870484)"
227.0,989.20974291074,24984.0,24987.0,0.098920974291074,"LINESTRING (-133089.3707695989 3182672.243870484, -133136.3467038471 3182756.394725477)"
228.0,2752.08682808727,24987.0,24991.0,0.275208682808727,"LINESTRING (-133136.3467038471 3182756.394725477, -133276.3358394162 3182980.412470453)"
229.0,1881.44500446141,24984.0,24981.0,0.188144500446141,"LINESTRING (-133089.3707695989 3182672.243870484, -132979.9958145478 3182520.573474514)"
230.0,5894.69506396552,24987.0,29622.0,0.589469506396552,"LINESTRING (-133136.3467038471 3182756.394725477, -133562.1337474609 3182949.829879946)"
231.0,890.6977753713963,33473.0,22263.0,0.08906977753714,"LINESTRING (-159228.3002725254 3165199.992199134, -159155.7346464587 3165159.036050684)"
232.0,5903.80885983787,22263.0,22677.0,0.590380885983787,"LINESTRING (-159155.7346464587 3165159.036050684, -159480.0370760621 3164840.958574639)"
233.0,3370.1724947105604,22677.0,22691.0,0.337017249471056,"LINESTRING (-159480.0370760621 3164840.958574639, -159388.5526521784 3164545.108732816)"
234.0,5074.92569014249,22691.0,22667.0,0.507492569014249,"LINESTRING (-159388.5526521784 3164545.108732816, -159688.7664246745 3164391.234901843)"
235.0,3825.18938771317,22691.0,25780.0,0.382518938771317,"LINESTRING (-159388.5526521784 3164545.108732816, -159181.8711140711 3164278.517081232)"
236.0,1254.72490424181,22749.0,22677.0,0.125472490424181,"LINESTRING (-159584.7342750102 3164891.40237837, -159480.0370760621 3164840.958574639)"
237.0,5479.0762915018595,25804.0,22263.0,0.547907629150186,"LINESTRING (-158670.0020955775 3165025.715356211, -159155.7346464587 3165159.036050684)"
238.0,3508.377331340597,33600.0,22589.0,0.35083773313406,"LINESTRING (-158573.9102062819 3166169.869212876, -158327.2492580223 3166062.593105832)"
239.0,2524.1384338069297,22589.0,22595.0,0.25241384338069295,"LINESTRING (-158327.2492580223 3166062.593105832, -158191.3286297219 3165853.299316267)"
240.0,3700.4828181030994,22595.0,22237.0,0.37004828181031,"LINESTRING (-158191.3286297219 3165853.299316267, -157951.0744066661 3165651.203245305)"
241.0,7690.100359364123,22237.0,33614.0,0.7690100359364118,"LINESTRING (-157951.0744066661 3165651.203245305, -157673.9102062819 3166199.869212876)"
242.0,1167.8835951257197,33576.0,22589.0,0.11678835951257201,"LINESTRING (-158393.9102062819 3165989.869212876, -158327.2492580223 3166062.593105832)"
243.0,562.7347097455615,33546.0,22595.0,0.056273470974556,"LINESTRING (-158243.9102062819 3165839.869212876, -158191.3286297219 3165853.299316267)"
244.0,7905.71642939989,21001.0,21017.0,0.7905716429399888,"LINESTRING (-145533.2338286689 3167273.353827123, -145106.8366332993 3167242.015413578)"
245.0,5370.481736742029,21017.0,26061.0,0.537048173674203,"LINESTRING (-145106.8366332993 3167242.015413578, -144700.7536461164 3167060.685917241)"
246.0,6129.666703239145,26061.0,33725.0,0.612966670323915,"LINESTRING (-144700.7536461164 3167060.685917241, -144767.7482204761 3167483.050082747)"
247.0,1565.1038683091385,21017.0,33674.0,0.156510386830914,"LINESTRING (-145106.8366332993 3167242.015413578, -145037.7482204761 3167123.050082747)"
248.0,767.14736849919,26059.0,26061.0,0.076714736849919,"LINESTRING (-144679.5087146278 3166987.550420188, -144700.7536461164 3167060.685917241)"
249.0,9541.350282187865,33762.0,33751.0,0.954135028218786,"LINESTRING (-161195.4540560616 3166717.466394277, -161405.4540560616 3165967.466394277)"
250.0,7847.519595922069,26197.0,21038.0,0.784751959592207,"LINESTRING (-146069.8821724341 3167517.275550196, -146386.7068224211 3168158.6814027)"
251.0,6469.289075030018,26087.0,33839.0,0.646928907503002,"LINESTRING (-145894.9776791472 3166729.175462892, -146295.8696860594 3166588.771337754)"
252.0,8128.041829289543,28313.0,33870.0,0.8128041829289548,"LINESTRING (-147081.7146066192 3168510.459954607, -147626.1325887829 3168301.407479639)"
253.0,3461.034135731103,29729.0,27106.0,0.34610341357311,"LINESTRING (-132264.2838514585 3183652.410384298, -132194.9905253901 3183465.938029198)"
254.0,1084.11825955089,27106.0,20319.0,0.108411825955089,"LINESTRING (-132194.9905253901 3183465.938029198, -132127.7612074575 3183388.589711182)"
255.0,4376.344649030791,20319.0,20666.0,0.437634464903079,"LINESTRING (-132127.7612074575 3183388.589711182, -132377.3020787587 3183092.883358866)"
256.0,5022.914376298474,29731.0,20319.0,0.5022914376298471,"LINESTRING (-131964.2838514585 3183652.410384298, -132127.7612074575 3183388.589711182)"
257.0,6575.331576545721,26736.0,26751.0,0.657533157654572,"LINESTRING (-153903.9656115696 3168581.517432877, -153643.3693700068 3168138.539663504)"
258.0,464.32337907877684,26751.0,33910.0,0.046432337907878,"LINESTRING (-153643.3693700068 3168138.539663504, -153650.0635487635 3168093.532675135)"
259.0,4388.17198737745,26772.0,26751.0,0.438817198737745,"LINESTRING (-153552.9186295918 3168530.403413124, -153643.3693700068 3168138.539663504)"
260.0,4833.56393991401,26648.0,23251.0,0.48335639399140096,"LINESTRING (-134882.3949695381 3184184.388819073, -134660.1867262125 3183781.04890357)"
